,日期,开盘,最高,最低,收盘,成交量,成交额,振幅,涨跌幅,涨跌额,换手率
0,2019-06-27,16.38,16.38,16.38,16.38,374,876982.0,0.0,50.69,5.51,0.11
1,2019-06-28,18.19,18.19,18.19,18.19,328,846310.0,0.0,11.05,1.81,0.09
2,2019-07-01,20.17,20.17,20.17,20.17,578,1641283.0,0.0,10.89,1.98,0.17
3,2019-07-02,22.36,22.36,22.36,22.36,1115,3481614.0,0.0,10.86,2.19,0.32
4,2019-07-03,24.76,24.76,24.76,24.76,2587,8886208.0,0.0,10.73,2.4,0.74
5,2019-07-04,27.37,27.37,25.1,25.26,211747,757023232.0,9.17,2.02,0.5,60.5
6,2019-07-05,24.87,26.32,24.1,25.81,164226,567712640.0,8.79,2.18,0.55,46.92
7,2019-07-08,26.63,28.24,26.14,26.87,214836,803237024.0,8.14,4.11,1.06,61.38
8,2019-07-09,25.87,26.85,24.92,26.85,149181,531090752.0,7.18,-0.07,-0.02,42.62
9,2019-07-10,26.3,27.53,25.72,25.96,150117,554280704.0,6.74,-3.31,-0.89,42.89
10,2019-07-11,25.8,28.72,25.5,26.86,178479,667063616.0,12.4,3.47,0.9,50.99
11,2019-07-12,26.33,29.71,26.08,29.71,186642,727343312.0,13.51,10.61,2.85,53.33
12,2019-07-15,27.57,30.25,26.8,28.9,203941,791932944.0,11.61,-2.73,-0.81,58.27
13,2019-07-16,28.13,30.55,28.13,28.94,205233,820653504.0,8.37,0.14,0.04,58.64
14,2019-07-17,28.07,28.15,26.03,26.03,177605,660662768.0,7.33,-10.06,-2.91,50.74
15,2019-07-18,24.96,25.49,24.24,24.34,133454,459827040.0,4.8,-6.49,-1.69,38.13
16,2019-07-19,24.1,24.53,23.34,23.43,107500,357828224.0,4.89,-3.74,-0.91,30.71
17,2019-07-22,23.29,23.63,21.44,21.59,96290,296872112.0,9.35,-7.85,-1.84,27.51
18,2019-07-23,21.63,22.01,21.36,21.93,68902,210069068.0,3.01,1.57,0.34,19.69
19,2019-07-24,21.87,22.93,21.74,22.57,89243,279757648.0,5.43,2.92,0.64,25.5
20,2019-07-25,22.45,22.57,21.73,21.86,77638,239584753.0,3.72,-3.15,-0.71,22.18
21,2019-07-26,21.57,22.24,21.47,21.88,54506,167216233.0,3.52,0.09,0.02,15.57
22,2019-07-29,21.93,21.99,21.35,21.55,54029,163004635.0,2.93,-1.51,-0.33,15.44
23,2019-07-30,21.55,21.9,21.46,21.54,52076,157968412.0,2.04,-0.05,-0.01,14.88
24,2019-07-31,21.09,21.1,20.53,20.63,68228,198648903.0,2.65,-4.22,-0.91,19.49
25,2019-08-01,20.44,20.93,20.33,20.93,46190,134466770.0,2.91,1.45,0.3,13.2
26,2019-08-02,20.49,21.53,20.32,21.37,75125,221182778.0,5.78,2.1,0.44,21.46
27,2019-08-05,21.91,21.99,21.26,21.4,70588,213567108.0,3.42,0.14,0.03,20.17
28,2019-08-06,20.6,22.52,20.27,22.22,105253,319517120.0,10.51,3.83,0.82,30.07
29,2019-08-07,21.92,22.18,21.27,21.29,64597,197098929.0,4.1,-4.19,-0.93,18.46
30,2019-08-08,21.18,21.31,20.55,20.67,52816,154451427.0,3.57,-2.91,-0.62,15.09
31,2019-08-09,20.67,20.99,19.55,19.57,59698,169728242.0,6.97,-5.32,-1.1,17.06
32,2019-08-12,19.48,19.87,19.27,19.86,33223,91874659.0,3.07,1.48,0.29,9.49
33,2019-08-13,19.6,20.55,19.53,20.18,47912,135788770.0,5.14,1.61,0.32,13.69
34,2019-08-14,20.39,20.63,19.83,19.84,43086,122508123.0,3.96,-1.68,-0.34,12.31
35,2019-08-15,19.1,19.57,18.88,19.51,36090,98163783.0,3.48,-1.66,-0.33,10.31
36,2019-08-16,19.42,19.73,19.33,19.36,35209,97103823.0,2.05,-0.77,-0.15,10.06
37,2019-08-19,19.45,19.95,19.23,19.87,42087,116536562.0,3.72,2.63,0.51,12.02
38,2019-08-20,19.76,20.48,19.72,20.26,51221,144860130.0,3.82,1.96,0.39,14.63
39,2019-08-21,20.13,21.26,20.07,20.62,74448,217497118.0,5.87,1.78,0.36,21.27
40,2019-08-22,20.39,20.6,19.87,20.1,48368,136896335.0,3.54,-2.52,-0.52,13.82
41,2019-08-23,19.78,19.86,19.33,19.41,41854,115499357.0,2.64,-3.43,-0.69,11.96
42,2019-08-26,18.94,19.55,18.8,19.34,26966,72990241.0,3.86,-0.36,-0.07,7.7
43,2019-08-27,19.34,19.93,19.34,19.64,33848,93858284.0,3.05,1.55,0.3,9.67
44,2019-08-28,19.55,20.13,19.53,19.87,38677,108174012.0,3.05,1.17,0.23,11.05
45,2019-08-29,20.02,20.02,19.43,19.44,33134,91768557.0,2.97,-2.16,-0.43,9.47
46,2019-08-30,19.53,20.39,19.36,20.27,73287,206339187.0,5.3,4.27,0.83,20.94
47,2019-09-02,20.26,20.77,20.09,20.62,65217,187285393.0,3.35,1.73,0.35,18.63
48,2019-09-03,20.4,20.64,20.19,20.51,51460,147512964.0,2.18,-0.53,-0.11,14.7
49,2019-09-04,20.39,20.99,20.27,20.73,53310,154836531.0,3.51,1.07,0.22,15.23
50,2019-09-05,20.76,20.93,20.42,20.53,60054,174346210.0,2.46,-0.96,-0.2,17.16
51,2019-09-06,20.49,20.93,20.36,20.83,57784,167728177.0,2.78,1.46,0.3,16.51
52,2019-09-09,20.88,21.41,20.78,21.27,66414,197153668.0,3.02,2.11,0.44,18.98
53,2019-09-10,21.13,21.16,20.7,21.01,50632,148699168.0,2.16,-1.22,-0.26,14.47
54,2019-09-11,20.97,21.57,20.88,21.07,54847,163411590.0,3.28,0.29,0.06,15.67
55,2019-09-12,20.87,21.16,20.57,20.77,38889,113214197.0,2.8,-1.42,-0.3,11.11
56,2019-09-16,20.88,20.98,20.59,20.89,38274,111735621.0,1.88,0.58,0.12,10.94
57,2019-09-17,20.77,22.38,20.67,21.93,108609,328066544.0,8.19,4.98,1.04,31.03
58,2019-09-18,21.51,22.92,21.47,22.68,108067,338092944.0,6.61,3.42,0.75,30.88
59,2019-09-19,22.58,22.64,21.83,22.5,63034,196178589.0,3.57,-0.79,-0.18,18.01
60,2019-09-20,22.37,23.22,22.03,22.11,59761,187824732.0,5.29,-1.73,-0.39,17.07
61,2019-09-23,21.9,22.08,21.08,21.26,46029,137754630.0,4.52,-3.84,-0.85,13.15
62,2019-09-24,21.17,21.47,21.15,21.3,30512,91097266.0,1.51,0.19,0.04,8.72
63,2019-09-25,21.1,21.1,20.43,20.53,35935,104452256.0,3.15,-3.62,-0.77,10.27
64,2019-09-26,20.53,20.8,19.8,20.01,31698,90074642.0,4.87,-2.53,-0.52,9.06
65,2019-09-27,19.99,20.35,19.97,20.18,20078,56511579.0,1.9,0.85,0.17,5.74
66,2019-09-30,20.22,20.6,19.77,20.26,24933,70200094.0,4.11,0.4,0.08,7.12
67,2019-10-08,20.26,20.53,20.08,20.48,23232,65909157.0,2.22,1.09,0.22,6.64
68,2019-10-09,20.25,20.51,20.11,20.43,17789,50403786.0,1.95,-0.24,-0.05,5.08
69,2019-10-10,20.48,20.53,20.23,20.42,19903,56603313.0,1.47,-0.05,-0.01,5.69
70,2019-10-11,20.38,20.41,19.82,19.85,28817,80671608.0,2.89,-2.79,-0.57,8.23
71,2019-10-14,19.95,20.32,19.86,20.22,24037,67400924.0,2.32,1.86,0.37,6.87
72,2019-10-15,20.13,20.4,19.93,20.38,27626,77818765.0,2.32,0.79,0.16,7.89
73,2019-10-16,20.44,20.91,20.26,20.56,32968,94530347.0,3.19,0.88,0.18,9.42
74,2019-10-17,20.37,20.47,20.07,20.47,23346,66010986.0,1.95,-0.44,-0.09,6.67
75,2019-10-18,20.43,21.03,20.3,20.6,38534,111020166.0,3.57,0.64,0.13,11.01
76,2019-10-21,20.41,20.41,19.08,19.18,35990,97918581.0,6.46,-6.89,-1.42,10.28
77,2019-10-22,19.17,19.37,19.17,19.3,13290,35802623.0,1.04,0.63,0.12,3.8
78,2019-10-23,19.33,19.38,18.95,19.18,18598,49914106.0,2.23,-0.62,-0.12,5.31
79,2019-10-24,19.14,19.67,19.07,19.43,26030,70655708.0,3.13,1.3,0.25,7.44
80,2019-10-25,19.36,19.68,18.99,19.44,24772,67514085.0,3.55,0.05,0.01,7.08
81,2019-10-28,19.31,19.75,19.31,19.5,23448,64018253.0,2.26,0.31,0.06,6.7
82,2019-10-29,19.53,19.72,19.3,19.5,31289,85510494.0,2.15,0.0,0.0,8.94
83,2019-10-30,19.3,19.73,19.07,19.73,35336,96029006.0,3.38,1.18,0.23,10.1
84,2019-10-31,19.68,19.83,17.68,17.68,52076,135425969.0,10.9,-10.39,-2.05,14.88
85,2019-11-01,17.45,17.46,16.77,17.1,29849,71902510.0,3.9,-3.28,-0.58,8.53
86,2019-11-04,17.09,17.18,17.0,17.03,17032,41069192.0,1.05,-0.41,-0.07,4.87
87,2019-11-05,17.09,17.09,16.61,16.74,21054,50041776.0,2.82,-1.7,-0.29,6.02
88,2019-11-06,16.66,16.8,16.48,16.6,17726,41711896.0,1.91,-0.84,-0.14,5.06
89,2019-11-07,16.6,16.8,16.23,16.8,19509,45721331.0,3.43,1.2,0.2,5.57
90,2019-11-08,16.83,17.0,16.67,16.7,18787,44689766.0,1.96,-0.6,-0.1,5.37
91,2019-11-11,16.54,16.54,15.82,15.83,21163,48439088.0,4.31,-5.21,-0.87,6.05
92,2019-11-12,16.03,16.38,15.92,16.15,15778,36124791.0,2.91,2.02,0.32,4.51
93,2019-11-13,16.22,16.49,16.06,16.29,14844,34316040.0,2.66,0.87,0.14,4.24
94,2019-11-14,16.24,16.43,16.07,16.27,14584,33568543.0,2.21,-0.12,-0.02,4.17
95,2019-11-15,16.17,16.29,15.84,15.85,13218,30139655.0,2.77,-2.58,-0.42,3.78
96,2019-11-18,16.1,16.28,15.91,16.26,12332,28154689.0,2.33,2.59,0.41,3.52
97,2019-11-19,16.32,16.7,16.18,16.69,19555,45705599.0,3.2,2.64,0.43,5.59
98,2019-11-20,16.6,16.62,16.17,16.23,15947,37009677.0,2.7,-2.76,-0.46,4.56
99,2019-11-21,16.15,16.24,16.0,16.23,9895,22614941.0,1.48,0.0,0.0,2.83
100,2019-11-22,16.26,16.47,15.88,16.07,13621,31267588.0,3.64,-0.99,-0.16,3.89
101,2019-11-25,16.07,16.13,15.61,15.71,13007,29173482.0,3.24,-2.24,-0.36,3.72
102,2019-11-26,15.77,15.86,15.63,15.73,9401,21013721.0,1.46,0.13,0.02,2.69
103,2019-11-27,15.78,15.88,15.61,15.77,8064,18064553.0,1.72,0.25,0.04,2.3
104,2019-11-28,15.8,15.86,15.55,15.62,9764,21768328.0,1.97,-0.95,-0.15,2.79
105,2019-11-29,15.6,16.03,15.54,16.03,15340,34536083.0,3.14,2.62,0.41,4.38
106,2019-12-02,15.97,16.03,15.8,16.0,11367,25672395.0,1.43,-0.19,-0.03,3.25
107,2019-12-03,15.8,16.17,15.8,16.11,14932,33951283.0,2.31,0.69,0.11,4.27
108,2019-12-04,15.96,16.59,15.93,16.5,26157,60597486.0,4.1,2.42,0.39,7.47
109,2019-12-05,16.38,16.59,16.28,16.44,18967,44077307.0,1.88,-0.36,-0.06,5.42
110,2019-12-06,16.33,16.54,16.16,16.24,15167,35007584.0,2.31,-1.22,-0.2,4.33
111,2019-12-09,16.3,16.51,16.1,16.51,16690,38544495.0,2.52,1.66,0.27,4.77
112,2019-12-10,16.47,16.76,16.39,16.62,26155,61411345.0,2.24,0.67,0.11,7.47
113,2019-12-11,16.6,16.89,16.52,16.67,24389,57620871.0,2.23,0.3,0.05,6.97
114,2019-12-12,16.53,16.58,16.17,16.17,18996,44005487.0,2.46,-3.0,-0.5,5.43
115,2019-12-13,16.32,16.35,16.01,16.17,15078,34556864.0,2.1,0.0,0.0,4.31
116,2019-12-16,16.18,16.45,16.14,16.45,15117,35004790.0,1.92,1.73,0.28,4.32
117,2019-12-17,16.56,16.85,16.53,16.74,24594,58232966.0,1.95,1.76,0.29,7.03
118,2019-12-18,16.7,16.9,16.58,16.9,20775,49290427.0,1.91,0.96,0.16,5.94
119,2019-12-19,16.9,16.97,16.68,16.83,15456,36732913.0,1.72,-0.41,-0.07,4.42
120,2019-12-20,16.77,17.52,16.77,17.0,34694,84034910.0,4.46,1.01,0.17,9.91
121,2019-12-23,16.92,16.92,16.28,16.43,21496,50513731.0,3.76,-3.35,-0.57,6.14
122,2019-12-24,16.45,16.72,16.3,16.7,12181,28573532.0,2.56,1.64,0.27,3.48
123,2019-12-25,16.75,16.78,16.46,16.55,13905,32683490.0,1.92,-0.9,-0.15,3.97
124,2019-12-26,16.55,17.43,16.5,17.35,38034,92003195.0,5.62,4.83,0.8,10.87
125,2019-12-27,17.17,17.28,16.89,16.94,24184,58427088.0,2.25,-2.36,-0.41,6.91
126,2019-12-30,16.77,17.08,16.67,17.07,15915,37975212.0,2.42,0.77,0.13,4.55
127,2019-12-31,17.07,17.2,16.89,16.96,13457,32350425.0,1.82,-0.64,-0.11,3.84
128,2020-01-02,17.07,17.29,17.0,17.17,18081,43733754.0,1.71,1.24,0.21,5.17
129,2020-01-03,17.14,17.51,17.14,17.38,27004,66178716.0,2.15,1.22,0.21,7.72
130,2020-01-06,17.22,17.36,17.02,17.27,23599,57265078.0,1.96,-0.63,-0.11,6.74
131,2020-01-07,17.22,17.44,17.13,17.43,19627,48046126.0,1.8,0.93,0.16,5.61
132,2020-01-08,17.3,17.32,16.84,16.84,25786,62255240.0,2.75,-3.38,-0.59,7.37
133,2020-01-09,17.0,17.22,17.0,17.12,15824,38189225.0,1.31,1.66,0.28,4.52
134,2020-01-10,17.23,17.24,17.0,17.1,13165,31835522.0,1.4,-0.12,-0.02,3.76
135,2020-01-13,17.02,17.26,16.87,17.23,14326,34560370.0,2.28,0.76,0.13,4.09
136,2020-01-14,17.23,17.67,17.2,17.53,30606,75294289.0,2.73,1.74,0.3,8.74
137,2020-01-15,17.54,18.71,17.47,18.28,58970,151712899.0,7.07,4.28,0.75,16.85
138,2020-01-16,18.16,18.8,17.7,18.01,53469,136812200.0,6.02,-1.48,-0.27,15.28
139,2020-01-17,18.1,18.12,17.46,17.55,25420,63500461.0,3.66,-2.55,-0.46,7.26
140,2020-01-20,17.55,17.55,17.23,17.39,18661,45636128.0,1.82,-0.91,-0.16,5.33
141,2020-01-21,17.37,17.71,17.31,17.41,15308,37813083.0,2.3,0.12,0.02,4.37
142,2020-01-22,17.38,17.39,16.68,16.92,19701,47102712.0,4.08,-2.81,-0.49,5.63
143,2020-01-23,16.8,16.87,16.23,16.33,15063,35234305.0,3.78,-3.49,-0.59,4.3
144,2020-02-03,14.55,14.55,14.55,14.55,4155,8654865.0,0.0,-10.9,-1.78,1.19
145,2020-02-04,12.95,14.36,12.95,14.1,22902,45993933.0,9.69,-3.09,-0.45,6.54
146,2020-02-05,13.99,15.26,13.99,15.1,23984,50220867.0,9.01,7.09,1.0,6.85
147,2020-02-06,15.37,16.17,15.03,15.97,34825,77515732.0,7.55,5.76,0.87,9.95
148,2020-02-07,15.75,16.49,15.53,16.45,42851,97959813.0,6.01,3.01,0.48,12.24
149,2020-02-10,16.83,17.57,16.68,16.7,51903,125534013.0,5.41,1.52,0.25,14.83
150,2020-02-11,16.39,16.59,15.32,15.33,48894,109865523.0,7.6,-8.2,-1.37,13.97
151,2020-02-12,15.36,15.5,15.05,15.28,24564,53475170.0,2.94,-0.33,-0.05,7.02
152,2020-02-13,15.3,15.49,15.1,15.23,18046,39332422.0,2.55,-0.33,-0.05,5.16
153,2020-02-14,15.15,15.17,14.93,15.03,16971,36448086.0,1.58,-1.31,-0.2,4.85
154,2020-02-17,15.04,15.48,15.04,15.48,19325,42232628.0,2.93,2.99,0.45,5.52
155,2020-02-18,15.36,16.03,15.36,15.99,29871,66689471.0,4.33,3.29,0.51,8.53
156,2020-02-19,15.85,16.29,15.69,16.08,28989,65911963.0,3.75,0.56,0.09,8.28
157,2020-02-20,16.21,16.24,15.8,16.17,23798,54222920.0,2.74,0.56,0.09,6.8
158,2020-02-21,16.22,16.23,16.0,16.19,22592,51729595.0,1.42,0.12,0.02,6.45
159,2020-02-24,16.59,17.28,16.58,17.16,45314,108814943.0,4.32,5.99,0.97,12.95
160,2020-02-25,16.49,16.9,16.13,16.76,38182,89474001.0,4.49,-2.33,-0.4,10.91
161,2020-02-26,16.41,16.55,16.13,16.17,22065,51033521.0,2.51,-3.52,-0.59,6.3
162,2020-02-27,16.36,16.37,16.04,16.15,11422,26231243.0,2.04,-0.12,-0.02,3.26
163,2020-02-28,15.63,15.63,14.9,14.91,20518,44696710.0,4.52,-7.68,-1.24,5.86
164,2020-03-02,14.93,15.43,14.93,15.37,10596,23057864.0,3.35,3.09,0.46,3.03
165,2020-03-03,15.53,15.75,15.36,15.45,16066,35547929.0,2.54,0.52,0.08,4.59
166,2020-03-04,15.39,15.62,15.24,15.61,11481,25220457.0,2.46,1.04,0.16,3.28
167,2020-03-05,15.75,16.07,15.57,16.06,19506,43895080.0,3.2,2.88,0.45,5.57
168,2020-03-06,15.88,16.53,15.76,16.23,26141,60313090.0,4.79,1.06,0.17,7.47
169,2020-03-09,15.97,16.21,15.53,15.57,18431,41481582.0,4.19,-4.07,-0.66,5.27
170,2020-03-10,15.37,15.73,15.08,15.72,17254,37837503.0,4.17,0.96,0.15,4.93
171,2020-03-11,15.73,16.32,15.73,16.0,19009,43338031.0,3.75,1.78,0.28,5.43
172,2020-03-12,15.83,15.83,15.3,15.45,12963,28621660.0,3.31,-3.44,-0.55,3.7
173,2020-03-13,14.68,15.37,14.38,15.0,33887,71355098.0,6.41,-2.91,-0.45,9.68
174,2020-03-16,14.85,15.0,14.28,14.3,20536,43209743.0,4.8,-4.67,-0.7,5.87
175,2020-03-17,14.45,14.69,13.69,13.92,14055,28335255.0,6.99,-2.66,-0.38,4.02
176,2020-03-18,14.1,15.46,14.0,15.46,28674,61296417.0,10.49,11.06,1.54,8.19
177,2020-03-19,16.83,17.15,15.7,17.15,90948,213635412.0,9.38,10.93,1.69,25.99
178,2020-03-20,19.01,19.01,19.01,19.01,22390,59624197.0,0.0,10.85,1.86,6.4
179,2020-03-23,19.3,21.06,18.16,21.06,150045,426224304.0,15.26,10.78,2.05,42.87
180,2020-03-24,19.45,20.45,18.8,18.8,86065,232831326.0,7.83,-10.73,-2.26,24.59
181,2020-03-25,17.86,20.83,17.86,19.83,126953,350072192.0,15.8,5.48,1.03,36.27
182,2020-03-26,21.54,21.97,20.47,21.97,46963,141172819.0,7.56,10.79,2.14,13.42
183,2020-03-27,23.74,23.74,19.67,21.14,116288,346932336.0,18.53,-3.78,-0.83,33.23
184,2020-03-30,21.99,23.4,21.61,23.4,96709,308202848.0,8.47,10.69,2.26,27.63
185,2020-03-31,23.14,24.73,21.83,23.3,102284,328608608.0,12.39,-0.43,-0.1,29.22
186,2020-04-01,22.72,23.91,21.68,22.85,72411,229104308.0,9.57,-1.93,-0.45,20.69
187,2020-04-02,23.14,23.68,21.37,21.89,81636,251037080.0,10.11,-4.2,-0.96,23.32
188,2020-04-03,21.84,23.13,20.57,21.53,90109,276940144.0,11.69,-1.64,-0.36,25.75
189,2020-04-07,21.53,23.83,20.76,23.12,102151,317639088.0,14.26,7.39,1.59,29.19
190,2020-04-08,22.4,22.97,21.3,21.41,72648,221513648.0,7.22,-7.4,-1.71,20.76
191,2020-04-09,22.6,23.7,22.39,23.7,42227,135353967.0,6.12,10.7,2.29,12.06
192,2020-04-10,23.91,24.68,21.19,22.33,74425,235137573.0,14.73,-5.78,-1.37,21.26
193,2020-04-13,23.13,24.7,22.37,24.7,90974,303517120.0,10.43,10.61,2.37,25.99
194,2020-04-14,25.45,27.32,24.26,26.6,113838,406258976.0,12.39,7.69,1.9,32.53
195,2020-04-15,26.83,28.27,26.13,26.3,101179,375548592.0,8.05,-1.13,-0.3,28.91
196,2020-04-16,25.35,26.13,24.3,25.51,80394,278750128.0,6.96,-3.0,-0.79,22.97
197,2020-04-17,26.37,26.59,24.44,24.67,61192,211862552.0,8.43,-3.29,-0.84,17.48
198,2020-04-20,23.91,25.1,23.53,24.5,55334,184714850.0,6.36,-0.69,-0.17,15.81
199,2020-04-21,25.22,25.22,23.1,23.62,54667,180136354.0,8.65,-3.59,-0.88,15.62
200,2020-04-22,23.03,23.03,22.0,22.52,52405,163247973.0,4.36,-4.66,-1.1,14.97
201,2020-04-23,22.6,23.0,21.47,21.99,57955,177715219.0,6.79,-2.35,-0.53,16.56
202,2020-04-24,21.75,21.94,19.66,19.89,69770,200815899.0,10.37,-9.55,-2.1,19.93
203,2020-04-27,20.0,20.21,18.84,19.26,45857,124862604.0,6.89,-3.17,-0.63,13.1
204,2020-04-28,19.26,19.37,17.78,18.22,39035,100215868.0,8.26,-5.4,-1.04,11.15
205,2020-04-29,18.13,18.72,17.83,18.19,36837,94529647.0,4.88,-0.16,-0.03,10.52
206,2020-04-30,18.07,18.5,17.9,18.05,39714,101115847.0,3.3,-0.77,-0.14,11.35
207,2020-05-06,18.05,18.28,17.53,18.27,32043,80944916.0,4.16,1.22,0.22,9.16
208,2020-05-07,18.25,18.37,17.83,17.83,35669,90237733.0,2.96,-2.41,-0.44,10.19
209,2020-05-08,17.94,18.18,17.66,18.04,33268,83922774.0,2.92,1.18,0.21,9.51
210,2020-05-11,18.13,18.13,17.37,17.5,38503,95904039.0,4.21,-2.99,-0.54,11.0
211,2020-05-12,17.67,19.4,17.56,19.4,89502,236707283.0,10.51,10.86,1.9,25.57
212,2020-05-13,19.54,20.12,19.07,19.74,95653,261064822.0,5.41,1.75,0.34,27.33
213,2020-05-14,19.64,19.64,18.76,18.78,55018,146134787.0,4.46,-4.86,-0.96,15.72
214,2020-05-15,18.91,18.91,17.99,18.17,49390,127014676.0,4.9,-3.25,-0.61,14.11
215,2020-05-18,18.2,18.37,17.68,18.1,35016,88494910.0,3.8,-0.39,-0.07,10.0
216,2020-05-19,17.9,18.27,17.75,18.07,28386,71693365.0,2.87,-0.17,-0.03,8.11
217,2020-05-20,18.05,18.07,17.53,17.56,29842,74396798.0,2.99,-2.82,-0.51,8.53
218,2020-05-21,17.41,17.65,16.13,16.41,48952,115657343.0,8.66,-6.55,-1.15,13.99
219,2020-05-22,16.57,16.71,15.52,15.6,41408,94144836.0,7.25,-4.94,-0.81,11.83
220,2020-05-25,15.65,15.73,15.33,15.41,24629,54327499.0,2.56,-1.22,-0.19,7.04
221,2020-05-26,15.6,16.02,15.45,15.93,27670,62167118.0,3.7,3.37,0.52,7.91
222,2020-05-27,15.86,15.95,15.62,15.68,19521,43734845.0,2.07,-1.57,-0.25,5.58
223,2020-05-28,15.72,15.77,15.13,15.54,21366,46910348.0,4.08,-0.89,-0.14,6.1
224,2020-05-29,15.65,15.67,15.38,15.57,15025,33282101.0,1.87,0.19,0.03,4.29
225,2020-06-01,15.63,16.01,15.53,15.9,24286,54682430.0,3.08,2.12,0.33,6.94
226,2020-06-02,15.94,17.13,15.8,16.78,47955,113051136.0,8.36,5.53,0.88,13.7
227,2020-06-03,16.69,16.78,16.42,16.5,26602,62476960.0,2.15,-1.67,-0.28,7.6
228,2020-06-04,16.37,16.56,16.29,16.38,16790,38993558.0,1.64,-0.73,-0.12,4.8
229,2020-06-05,16.38,16.38,16.07,16.21,16104,36965928.0,1.89,-1.04,-0.17,4.6
230,2020-06-08,16.41,17.07,16.41,16.74,32045,76010198.0,4.07,3.27,0.53,9.16
231,2020-06-09,16.55,16.77,16.23,16.35,22728,52747130.0,3.23,-2.33,-0.39,6.49
232,2020-06-10,16.23,16.31,15.92,16.0,16112,36694644.0,2.39,-2.14,-0.35,4.6
233,2020-06-11,16.04,16.16,15.83,16.13,16208,36858031.0,2.06,0.81,0.13,4.63
234,2020-06-12,16.76,17.9,16.72,17.9,67741,167913313.0,7.32,10.97,1.77,19.35
235,2020-06-15,18.48,19.83,18.3,19.83,138976,376004768.0,8.55,10.78,1.93,39.71
236,2020-06-16,19.83,19.83,18.53,18.83,101590,269439312.0,6.56,-5.04,-1.0,29.03
237,2020-06-17,18.66,19.22,18.56,18.85,76701,202917584.0,3.51,0.11,0.02,21.91
238,2020-06-18,18.45,18.45,17.53,17.6,82874,207771921.0,4.88,-6.63,-1.25,23.68
239,2020-06-19,17.39,17.58,17.17,17.43,39844,97624896.0,2.33,-0.97,-0.17,11.38
240,2020-06-22,17.22,17.58,17.1,17.32,38074,92807411.0,2.75,-0.63,-0.11,10.88
241,2020-06-23,17.15,17.71,17.0,17.67,41347,101034192.0,4.1,2.02,0.35,11.81
242,2020-06-24,17.57,17.63,17.06,17.11,37192,90733639.0,3.23,-3.17,-0.56,10.63
243,2020-06-29,15.47,16.45,15.47,15.97,59029,133823003.0,5.73,-6.66,-1.14,6.97
244,2020-06-30,16.05,16.37,15.7,16.25,49963,113600614.0,4.2,1.75,0.28,5.9
245,2020-07-01,16.24,16.52,15.97,16.04,32685,75129964.0,3.38,-1.29,-0.21,3.86
246,2020-07-02,16.07,16.31,15.84,16.17,38822,88891865.0,2.93,0.81,0.13,4.58
247,2020-07-03,16.35,17.5,16.35,16.7,52042,124005556.0,7.11,3.28,0.53,6.14
248,2020-07-06,16.7,17.5,16.7,17.46,62961,152637176.0,4.79,4.55,0.76,7.43
249,2020-07-07,17.46,18.52,16.99,18.4,91387,229174338.0,8.76,5.38,0.94,10.79
250,2020-07-08,20.07,20.38,19.0,19.21,138188,376368272.0,7.5,4.4,0.81,16.31
251,2020-07-09,18.76,19.27,18.54,19.13,97629,258463020.0,3.8,-0.42,-0.08,11.53
252,2020-07-10,19.03,19.03,18.33,18.33,76097,197136015.0,3.66,-4.18,-0.8,8.98
253,2020-07-13,18.3,19.13,18.27,19.13,63018,164465697.0,4.69,4.36,0.8,7.44
254,2020-07-14,19.23,19.87,18.85,19.43,77568,208354799.0,5.33,1.57,0.3,9.16
255,2020-07-15,19.47,20.82,19.03,20.33,139825,390355344.0,9.21,4.63,0.9,16.51
256,2020-07-16,20.38,20.99,18.18,19.09,89045,244174489.0,13.82,-6.1,-1.24,10.51
257,2020-07-17,18.92,18.96,18.11,18.19,51743,132357823.0,4.45,-4.71,-0.9,6.11
258,2020-07-20,18.2,19.14,18.2,19.14,42378,110515784.0,5.17,5.22,0.95,5.0
259,2020-07-21,19.04,21.18,18.87,20.88,125305,350816496.0,12.07,9.09,1.74,14.79
260,2020-07-22,20.33,21.26,19.88,20.64,82338,233047525.0,6.61,-1.15,-0.24,9.72
261,2020-07-23,20.41,21.03,19.96,21.03,74006,210885266.0,5.18,1.89,0.39,8.74
262,2020-07-24,21.03,21.03,18.95,19.57,69054,192287436.0,9.89,-6.94,-1.46,8.15
263,2020-07-27,19.73,20.1,19.07,19.74,32412,87354629.0,5.26,0.87,0.17,3.83
264,2020-07-28,19.63,20.13,19.27,19.37,49577,134985419.0,4.36,-1.87,-0.37,5.85
265,2020-07-29,19.24,19.33,18.57,19.3,47346,125063252.0,3.92,-0.36,-0.07,5.59
266,2020-07-30,19.3,19.53,18.65,18.74,48205,126990708.0,4.56,-2.9,-0.56,5.69
267,2020-07-31,18.77,19.45,18.76,19.31,51351,136373767.0,3.68,3.04,0.57,6.06
268,2020-08-03,19.33,20.2,19.26,20.18,76489,209526973.0,4.87,4.51,0.87,9.03
269,2020-08-04,20.18,20.63,19.8,20.1,56163,156323286.0,4.11,-0.4,-0.08,6.63
270,2020-08-05,20.26,22.24,19.83,22.24,101273,299260592.0,11.99,10.65,2.14,11.96
271,2020-08-06,22.24,22.29,20.99,21.1,145676,432165776.0,5.85,-5.13,-1.14,17.2
272,2020-08-07,20.69,20.91,19.7,19.73,91936,257036066.0,5.73,-6.49,-1.37,10.85
273,2020-08-10,19.43,19.66,18.75,19.17,71221,188303497.0,4.61,-2.84,-0.56,8.41
274,2020-08-11,19.08,20.1,19.07,19.41,72294,195932512.0,5.37,1.25,0.24,8.53
275,2020-08-12,19.22,19.33,18.33,18.86,58911,152804563.0,5.15,-2.83,-0.55,6.96
276,2020-08-13,19.17,20.24,18.9,19.57,59410,160116993.0,7.1,3.76,0.71,7.01
277,2020-08-14,19.79,20.23,19.38,19.82,52717,144227869.0,4.34,1.28,0.25,6.22
278,2020-08-17,19.82,20.03,19.41,19.95,48909,133958056.0,3.13,0.66,0.13,5.77
279,2020-08-18,19.76,20.47,19.76,20.29,58436,163499006.0,3.56,1.7,0.34,6.9
280,2020-08-19,20.03,20.25,19.25,19.28,52557,143005677.0,4.93,-4.98,-1.01,6.2
281,2020-08-20,19.02,19.6,18.94,19.17,27225,72830750.0,3.42,-0.57,-0.11,3.21
282,2020-08-21,19.2,19.46,18.97,19.18,25335,67232391.0,2.56,0.05,0.01,2.99
283,2020-08-24,19.26,19.33,18.87,19.05,21828,57723836.0,2.4,-0.68,-0.13,2.58
284,2020-08-25,19.02,19.2,18.64,18.72,28437,74422214.0,2.94,-1.73,-0.33,3.36
285,2020-08-26,18.64,18.91,18.3,18.4,24852,64148089.0,3.26,-1.71,-0.32,2.93
286,2020-08-27,18.33,19.09,18.3,19.09,24883,64809702.0,4.29,3.75,0.69,2.94
287,2020-08-28,19.87,20.15,19.37,19.6,69681,190435215.0,4.09,2.67,0.51,8.23
288,2020-08-31,19.49,20.26,19.41,20.03,64525,178707834.0,4.34,2.19,0.43,7.62
289,2020-09-01,19.96,20.51,19.8,20.2,53083,148204726.0,3.54,0.85,0.17,6.27
290,2020-09-02,20.18,20.37,19.8,19.95,41351,114187709.0,2.82,-1.24,-0.25,4.88
291,2020-09-03,19.84,19.97,19.45,19.47,34065,92776797.0,2.61,-2.41,-0.48,4.02
292,2020-09-04,19.13,20.08,19.1,20.02,44386,121387133.0,5.03,2.82,0.55,5.24
293,2020-09-07,19.94,20.53,19.81,19.99,60575,169354389.0,3.6,-0.15,-0.03,7.15
294,2020-09-08,20.1,20.49,19.87,20.38,45121,126450506.0,3.1,1.95,0.39,5.33
295,2020-09-09,20.26,20.8,20.03,20.17,47883,134866230.0,3.78,-1.03,-0.21,5.65
296,2020-09-10,20.37,20.57,19.19,19.21,39404,107609373.0,6.84,-4.76,-0.96,4.65
297,2020-09-11,19.03,20.56,19.03,20.38,52575,145881482.0,7.96,6.09,1.17,6.21
298,2020-09-14,20.57,20.98,20.19,20.8,56570,161056344.0,3.88,2.06,0.42,6.68
299,2020-09-15,20.67,20.72,19.93,20.3,36874,103208988.0,3.8,-2.4,-0.5,4.35
300,2020-09-16,20.43,20.87,20.2,20.71,46389,131845841.0,3.3,2.02,0.41,5.48
301,2020-09-17,20.66,20.66,19.98,20.1,38418,107470606.0,3.28,-2.95,-0.61,4.54
302,2020-09-18,19.95,20.54,19.85,20.41,33634,94450994.0,3.43,1.54,0.31,3.97
303,2020-09-21,20.52,21.36,20.44,21.17,75854,220346564.0,4.51,3.72,0.76,8.96
304,2020-09-22,20.89,21.73,20.89,21.33,85728,252613285.0,3.97,0.76,0.16,10.12
305,2020-09-23,21.47,22.14,21.04,21.86,91589,273837152.0,5.16,2.48,0.53,10.81
306,2020-09-24,21.46,21.7,20.87,21.03,66560,195232540.0,3.8,-3.8,-0.83,7.86
307,2020-09-25,21.17,21.33,20.47,20.85,41165,117918981.0,4.09,-0.86,-0.18,4.86
308,2020-09-28,20.91,21.01,19.7,19.97,51089,142042508.0,6.28,-4.22,-0.88,6.03
309,2020-09-29,19.97,20.23,19.63,19.65,42124,115847384.0,3.0,-1.6,-0.32,4.97
310,2020-09-30,19.64,19.83,18.93,19.24,42610,113715751.0,4.58,-2.09,-0.41,5.03
311,2020-10-09,19.49,19.83,19.39,19.7,24974,67951479.0,2.29,2.39,0.46,2.95
312,2020-10-12,19.83,20.39,19.83,20.37,36192,101296532.0,2.84,3.4,0.67,4.27
313,2020-10-13,20.37,20.45,19.96,20.14,33222,92247282.0,2.41,-1.13,-0.23,3.92
314,2020-10-14,20.12,20.13,19.57,19.67,33371,91132548.0,2.78,-2.33,-0.47,3.94
315,2020-10-15,19.6,19.86,19.07,19.1,48900,131454563.0,4.02,-2.9,-0.57,5.77
316,2020-10-16,19.19,19.53,19.11,19.43,27503,73579551.0,2.2,1.73,0.33,3.25
317,2020-10-19,19.49,19.6,18.95,19.07,29906,79497107.0,3.35,-1.85,-0.36,3.53
318,2020-10-20,19.34,20.73,19.34,19.93,80043,221213220.0,7.29,4.51,0.86,9.45
319,2020-10-21,20.13,20.17,19.27,19.33,47840,129233464.0,4.52,-3.01,-0.6,5.65
320,2020-10-22,19.14,19.6,18.99,19.36,26334,70565898.0,3.16,0.16,0.03,3.11
321,2020-10-23,19.27,19.53,19.04,19.07,22101,58890259.0,2.53,-1.5,-0.29,2.61
322,2020-10-26,18.95,19.24,18.63,19.12,19749,51935875.0,3.2,0.26,0.05,2.33
323,2020-10-27,18.9,19.83,18.9,19.72,36607,98844959.0,4.86,3.14,0.6,4.32
324,2020-10-28,19.47,19.49,18.9,19.13,50074,132550685.0,2.99,-2.99,-0.59,5.91
325,2020-10-29,18.99,19.31,18.83,19.18,28632,75839174.0,2.51,0.26,0.05,3.38
326,2020-10-30,19.24,19.24,18.74,18.9,28564,75051824.0,2.61,-1.46,-0.28,3.37
327,2020-11-02,18.68,18.69,18.1,18.19,38227,97553031.0,3.12,-3.76,-0.71,4.51
328,2020-11-03,18.46,18.8,18.26,18.62,25806,66681080.0,2.97,2.36,0.43,3.05
329,2020-11-04,18.65,19.09,18.61,18.93,23384,61365624.0,2.58,1.66,0.31,2.76
330,2020-11-05,19.01,19.17,18.81,19.04,21188,55729948.0,1.9,0.58,0.11,2.5
331,2020-11-06,19.1,19.1,18.52,18.7,19042,49567784.0,3.05,-1.79,-0.34,2.25
332,2020-11-09,18.7,19.36,18.7,19.28,30111,79996479.0,3.53,3.1,0.58,3.55
333,2020-11-10,19.42,19.53,19.1,19.32,26945,72242229.0,2.23,0.21,0.04,3.18
334,2020-11-11,19.35,19.83,19.13,19.4,38868,105271077.0,3.62,0.41,0.08,4.59
335,2020-11-12,19.41,19.71,19.22,19.7,26480,71676026.0,2.53,1.55,0.3,3.13
336,2020-11-13,19.61,19.99,19.46,19.57,36645,99824890.0,2.69,-0.66,-0.13,4.33
337,2020-11-16,19.6,20.22,19.45,20.18,53261,147054968.0,3.93,3.12,0.61,6.29
338,2020-11-17,20.2,20.23,19.73,19.87,34729,95829502.0,2.48,-1.54,-0.31,4.1
339,2020-11-18,19.76,21.7,19.5,20.95,90014,254454780.0,11.07,5.44,1.08,10.63
340,2020-11-19,21.37,22.33,21.32,21.94,189968,572474192.0,4.82,4.73,0.99,22.43
341,2020-11-20,21.73,21.91,20.61,21.47,120465,350799616.0,5.93,-2.14,-0.47,14.22
342,2020-11-23,21.46,22.4,21.23,21.78,118157,354950960.0,5.45,1.44,0.31,13.95
343,2020-11-24,21.41,21.41,20.65,20.77,85049,245204275.0,3.49,-4.64,-1.01,10.04
344,2020-11-25,20.98,20.98,19.98,19.99,73010,204881769.0,4.81,-3.76,-0.78,8.62
345,2020-11-26,19.83,20.08,19.66,20.07,40333,110981529.0,2.1,0.4,0.08,4.76
346,2020-11-27,20.02,20.07,19.37,19.42,50651,137101128.0,3.49,-3.24,-0.65,5.98
347,2020-11-30,19.49,19.54,18.74,19.07,37779,100475569.0,4.12,-1.8,-0.35,4.46
348,2020-12-01,19.09,19.47,19.03,19.37,21890,58604515.0,2.31,1.57,0.3,2.58
349,2020-12-02,19.47,19.68,19.31,19.54,23298,62845558.0,1.91,0.88,0.17,2.75
350,2020-12-03,19.58,19.58,19.07,19.07,30770,82083837.0,2.61,-2.41,-0.47,3.63
351,2020-12-04,19.0,19.29,18.99,19.2,24235,64372372.0,1.57,0.68,0.13,2.86
352,2020-12-07,19.25,19.25,18.73,18.78,37293,97898926.0,2.71,-2.19,-0.42,4.4
353,2020-12-08,18.79,18.97,18.73,18.73,23931,62600593.0,1.28,-0.27,-0.05,2.83
354,2020-12-09,18.9,18.9,18.64,18.67,17504,45594137.0,1.39,-0.32,-0.06,2.07
355,2020-12-10,18.67,18.87,18.63,18.77,13076,34091040.0,1.29,0.54,0.1,1.54
356,2020-12-11,18.77,18.93,18.57,18.85,24987,64946221.0,1.92,0.43,0.08,2.95
357,2020-12-14,18.81,19.07,18.77,19.07,18231,47954653.0,1.59,1.17,0.22,2.15
358,2020-12-15,18.95,18.95,18.58,18.7,22828,59239998.0,1.94,-1.94,-0.37,2.7
359,2020-12-16,18.67,18.67,18.2,18.3,29579,75340028.0,2.51,-2.14,-0.4,3.49
360,2020-12-17,18.33,18.33,17.4,17.9,30398,75374999.0,5.08,-2.19,-0.4,3.59
361,2020-12-18,17.82,18.04,17.45,17.47,27532,67806435.0,3.3,-2.4,-0.43,3.25
362,2020-12-21,17.47,17.71,17.2,17.5,19392,47255149.0,2.92,0.17,0.03,2.29
363,2020-12-22,17.43,17.62,17.03,17.03,23349,56281899.0,3.37,-2.69,-0.47,2.76
364,2020-12-23,17.03,17.18,16.56,16.83,25551,59849517.0,3.64,-1.17,-0.2,3.02
365,2020-12-24,16.8,16.91,15.86,15.95,38070,86402503.0,6.24,-5.23,-0.88,4.49
366,2020-12-25,15.93,16.3,15.75,16.07,14706,33243851.0,3.45,0.75,0.12,1.74
367,2020-12-28,16.13,16.14,15.73,15.8,15041,33522615.0,2.55,-1.68,-0.27,1.78
368,2020-12-29,15.89,16.4,15.81,16.1,16598,37542903.0,3.73,1.9,0.3,1.96
369,2020-12-30,15.92,16.39,15.92,16.2,13351,30377447.0,2.92,0.62,0.1,1.58
370,2020-12-31,16.26,16.74,16.22,16.67,16765,38815940.0,3.21,2.9,0.47,1.98
371,2021-01-04,16.7,16.86,16.41,16.71,20748,48388619.0,2.7,0.24,0.04,2.45
372,2021-01-05,16.57,17.13,16.53,17.1,22140,52345585.0,3.59,2.33,0.39,2.61
373,2021-01-06,17.1,17.14,16.74,16.77,18255,43020838.0,2.34,-1.93,-0.33,2.16
374,2021-01-07,16.74,16.74,15.8,16.03,31586,71362311.0,5.61,-4.41,-0.74,3.73
375,2021-01-08,15.96,16.26,15.53,16.17,16963,37988080.0,4.55,0.87,0.14,2.0
376,2021-01-11,16.1,16.14,15.51,15.72,20487,45374839.0,3.9,-2.78,-0.45,2.42
377,2021-01-12,15.73,15.86,15.42,15.64,17823,39119119.0,2.8,-0.51,-0.08,2.1
378,2021-01-13,15.64,15.65,15.03,15.06,23599,50557601.0,3.96,-3.71,-0.58,2.79
379,2021-01-14,15.03,15.46,14.92,15.3,15181,32620709.0,3.59,1.59,0.24,1.79
380,2021-01-15,15.28,15.78,15.2,15.57,13126,28748603.0,3.79,1.76,0.27,1.55
381,2021-01-18,15.54,15.91,15.53,15.81,15123,33560936.0,2.44,1.54,0.24,1.79
382,2021-01-19,15.81,16.17,15.66,16.07,22336,50138740.0,3.23,1.64,0.26,2.64
383,2021-01-20,16.41,16.71,16.17,16.33,26028,59825653.0,3.36,1.62,0.26,3.07
384,2021-01-21,16.27,16.55,15.97,16.27,20329,46192164.0,3.55,-0.37,-0.06,2.4
385,2021-01-22,16.9,17.26,16.59,16.69,40880,96575770.0,4.12,2.58,0.42,4.83
386,2021-01-25,16.68,17.0,16.23,16.68,28797,66880771.0,4.61,-0.06,-0.01,3.4
387,2021-01-26,16.46,16.96,16.3,16.9,25724,59987863.0,3.96,1.32,0.22,3.04
388,2021-01-27,16.8,17.15,16.6,17.13,25488,60447725.0,3.25,1.36,0.23,3.01
389,2021-01-28,16.87,17.09,16.5,16.87,21393,50233967.0,3.44,-1.52,-0.26,2.53
390,2021-01-29,17.33,18.03,16.85,16.95,47669,116246893.0,6.99,0.47,0.08,5.63
391,2021-02-01,16.54,17.01,16.24,16.83,22941,53648860.0,4.54,-0.71,-0.12,2.71
392,2021-02-02,16.73,17.0,15.92,16.11,33971,77921947.0,6.42,-4.28,-0.72,4.01
393,2021-02-03,16.03,17.7,15.96,17.25,52270,124126786.0,10.8,7.08,1.14,6.17
394,2021-02-04,17.19,17.19,16.3,16.49,29348,68421911.0,5.16,-4.41,-0.76,3.46
395,2021-02-05,16.53,16.77,16.32,16.65,14489,33647855.0,2.73,0.97,0.16,1.71
396,2021-02-08,16.49,17.15,16.34,17.13,22979,54450380.0,4.86,2.88,0.48,2.71
397,2021-02-09,17.18,17.37,16.93,17.14,19900,47505318.0,2.57,0.06,0.01,2.35
398,2021-02-10,17.12,17.3,16.9,17.2,16884,40422041.0,2.33,0.35,0.06,1.99
399,2021-02-18,17.5,17.91,17.27,17.82,34165,84193405.0,3.72,3.6,0.62,4.03
400,2021-02-19,17.76,18.39,17.65,18.29,32019,80986073.0,4.15,2.64,0.47,3.78
401,2021-02-22,18.4,18.56,17.95,17.95,41184,104652549.0,3.34,-1.86,-0.34,4.86
402,2021-02-23,18.1,18.47,17.81,18.1,30945,78123614.0,3.68,0.84,0.15,3.65
403,2021-02-24,18.27,18.27,17.61,17.8,27173,67812338.0,3.65,-1.66,-0.3,3.21
404,2021-02-25,18.07,18.13,17.68,17.73,19021,47281870.0,2.53,-0.39,-0.07,2.25
405,2021-02-26,17.67,17.93,17.58,17.68,17199,42576437.0,1.97,-0.28,-0.05,2.03
406,2021-03-01,17.87,18.24,17.84,18.2,22853,57480843.0,2.26,2.94,0.52,2.7
407,2021-03-02,18.17,18.53,17.83,17.96,19694,49459892.0,3.85,-1.32,-0.24,2.33
408,2021-03-03,18.0,18.2,17.81,18.15,16014,40204942.0,2.17,1.06,0.19,1.89
409,2021-03-04,17.93,18.09,17.49,17.52,22886,56559706.0,3.31,-3.47,-0.63,2.7
410,2021-03-05,17.43,17.86,17.41,17.63,16345,40188805.0,2.57,0.63,0.11,1.93
411,2021-03-08,17.7,18.01,17.55,17.63,18373,45573164.0,2.61,0.0,0.0,2.17
412,2021-03-09,17.53,17.65,16.63,16.74,25363,60414455.0,5.79,-5.05,-0.89,2.99
413,2021-03-10,16.73,16.87,16.2,16.23,16514,38212392.0,4.0,-3.05,-0.51,1.95
414,2021-03-11,16.3,16.63,16.18,16.63,13206,30451198.0,2.77,2.46,0.4,1.56
415,2021-03-12,16.58,16.71,16.42,16.6,8814,20423138.0,1.74,-0.18,-0.03,1.04
416,2021-03-15,16.6,16.78,16.45,16.69,9707,22654320.0,1.99,0.54,0.09,1.15
417,2021-03-16,16.67,16.84,16.58,16.83,9379,21995365.0,1.56,0.84,0.14,1.11
418,2021-03-17,16.82,16.87,16.43,16.82,11648,27260228.0,2.61,-0.06,-0.01,1.38
419,2021-03-18,16.75,16.99,16.64,16.95,14156,33377063.0,2.08,0.77,0.13,1.67
420,2021-03-19,16.87,16.93,16.69,16.8,14009,32928202.0,1.42,-0.88,-0.15,1.65
421,2021-03-22,16.63,17.27,16.63,17.22,18103,43138496.0,3.81,2.5,0.42,2.14
422,2021-03-23,17.27,17.47,16.87,16.97,12436,29670067.0,3.48,-1.45,-0.25,1.47
423,2021-03-24,16.93,17.23,16.83,17.06,10713,25502919.0,2.36,0.53,0.09,1.26
424,2021-03-25,17.06,17.1,16.81,16.83,7772,18402362.0,1.7,-1.35,-0.23,0.92
425,2021-03-26,16.92,17.14,16.8,17.02,10737,25572712.0,2.02,1.13,0.19,1.27
426,2021-03-29,17.03,17.1,16.84,16.91,9231,21844558.0,1.53,-0.65,-0.11,1.09
427,2021-03-30,16.93,17.17,16.87,17.02,12356,29455291.0,1.77,0.65,0.11,1.46
428,2021-03-31,17.05,17.05,16.53,16.53,15479,36127563.0,3.06,-2.88,-0.49,1.83
429,2021-04-01,16.57,16.76,16.5,16.64,9023,21022882.0,1.57,0.67,0.11,1.07
430,2021-04-02,16.7,16.7,16.54,16.7,8548,19910349.0,0.96,0.36,0.06,1.01
431,2021-04-06,16.73,17.06,16.63,16.97,12073,28518297.0,2.57,1.62,0.27,1.43
432,2021-04-07,17.06,17.23,16.9,17.2,15057,35961890.0,1.94,1.36,0.23,1.78
433,2021-04-08,17.25,17.45,17.13,17.23,17758,42918175.0,1.86,0.17,0.03,2.1
434,2021-04-09,17.33,17.44,17.1,17.37,12158,29405822.0,1.97,0.81,0.14,1.44
435,2021-04-12,17.38,17.55,17.0,17.46,20213,48846289.0,3.17,0.52,0.09,2.39
436,2021-04-13,17.47,17.75,17.26,17.7,24486,59925065.0,2.81,1.37,0.24,2.89
437,2021-04-14,17.66,17.88,17.3,17.49,19315,47089808.0,3.28,-1.19,-0.21,2.28
438,2021-04-15,17.38,17.41,17.03,17.18,14405,34599929.0,2.17,-1.77,-0.31,1.7
439,2021-04-16,16.93,16.95,16.22,16.54,38848,89739426.0,4.25,-3.73,-0.64,4.59
440,2021-04-19,16.53,16.73,16.41,16.67,19646,45779321.0,1.93,0.79,0.13,2.32
441,2021-04-20,16.74,16.77,16.35,16.35,18594,43050248.0,2.52,-1.92,-0.32,2.2
442,2021-04-21,16.36,16.62,16.36,16.48,13618,31496620.0,1.59,0.8,0.13,1.61
443,2021-04-22,16.48,16.63,16.43,16.54,10915,25241527.0,1.21,0.36,0.06,1.29
444,2021-04-23,16.47,16.67,16.43,16.67,11884,27528068.0,1.45,0.79,0.13,1.4
445,2021-04-26,16.73,17.45,16.73,17.13,30475,73044018.0,4.32,2.76,0.46,3.6
446,2021-04-27,17.03,17.07,16.35,16.93,25740,60022429.0,4.2,-1.17,-0.2,3.04
447,2021-04-28,16.86,18.2,16.68,16.68,43244,103780391.0,8.98,-1.48,-0.25,5.11
448,2021-04-29,16.6,16.65,16.27,16.4,24027,55191727.0,2.28,-1.68,-0.28,2.84
449,2021-04-30,16.4,16.65,16.27,16.42,16750,38588764.0,2.32,0.12,0.02,1.98
450,2021-05-06,16.41,16.42,16.1,16.23,14023,31900809.0,1.95,-1.16,-0.19,1.66
451,2021-05-07,16.23,16.3,16.06,16.09,14465,32744172.0,1.48,-0.86,-0.14,1.71
452,2021-05-10,16.11,16.49,16.07,16.47,14795,33818227.0,2.61,2.36,0.38,1.75
453,2021-05-11,16.37,16.37,15.88,16.22,12039,27273868.0,2.98,-1.52,-0.25,1.42
454,2021-05-12,16.07,16.42,16.01,16.4,13787,31383620.0,2.53,1.11,0.18,1.63
455,2021-05-13,16.33,16.63,16.22,16.3,11084,25508561.0,2.5,-0.61,-0.1,1.31
456,2021-05-14,16.41,16.56,16.34,16.46,10066,23179470.0,1.35,0.98,0.16,1.19
457,2021-05-17,16.36,16.55,16.26,16.28,10012,22908998.0,1.76,-1.09,-0.18,1.18
458,2021-05-18,16.33,16.37,16.13,16.37,7783,17748626.0,1.47,0.55,0.09,0.92
459,2021-05-19,16.37,16.48,16.21,16.42,11068,25391727.0,1.65,0.31,0.05,1.31
460,2021-05-20,16.37,16.41,16.17,16.3,10649,24313354.0,1.46,-0.73,-0.12,1.26
461,2021-05-21,16.31,16.37,16.2,16.22,8351,18679534.0,1.04,-0.49,-0.08,0.99
462,2021-05-24,16.17,16.3,16.14,16.22,8347,18596064.0,0.99,0.0,0.0,0.99
463,2021-05-25,16.26,16.33,16.18,16.27,8878,19839273.0,0.92,0.31,0.05,1.05
464,2021-05-26,16.28,16.51,16.28,16.42,9927,22377775.0,1.41,0.92,0.15,1.17
465,2021-05-27,16.42,16.67,16.37,16.53,13896,31554566.0,1.83,0.67,0.11,1.64
466,2021-05-28,16.57,16.59,16.32,16.39,12328,27867557.0,1.63,-0.85,-0.14,1.46
467,2021-05-31,16.43,16.58,16.37,16.56,12411,28089724.0,1.28,1.04,0.17,1.47
468,2021-06-01,16.47,16.7,16.47,16.67,11841,27009054.0,1.39,0.66,0.11,1.4
469,2021-06-02,16.6,16.61,16.38,16.43,12721,28809230.0,1.38,-1.44,-0.24,1.5
470,2021-06-03,16.4,16.57,16.4,16.44,8648,19559542.0,1.03,0.06,0.01,1.02
471,2021-06-04,16.43,18.18,16.36,18.18,97842,235102085.0,11.07,10.58,1.74,11.55
472,2021-06-07,19.6,20.1,19.14,20.1,214666,583480768.0,5.28,10.56,1.92,25.34
473,2021-06-08,22.2,22.2,20.83,21.08,331901,976772064.0,6.82,4.88,0.98,39.18
474,2021-06-09,20.53,20.55,19.13,19.5,219561,589985808.0,6.74,-7.5,-1.58,25.92
475,2021-06-10,19.63,20.3,19.13,19.96,194028,523560704.0,6.0,2.36,0.46,22.91
476,2021-06-11,19.55,19.76,18.62,18.87,143519,373470128.0,5.71,-5.46,-1.09,16.94
477,2021-06-15,18.94,19.37,18.69,18.94,67607,175200808.0,3.6,0.37,0.07,7.98
478,2021-06-16,19.1,19.34,18.6,18.87,60661,156897413.0,3.91,-0.37,-0.07,7.16
479,2021-06-17,18.61,18.87,18.24,18.3,78942,199320575.0,3.34,-3.02,-0.57,9.32
480,2021-06-18,18.14,18.66,17.97,18.58,60734,151979454.0,3.77,1.53,0.28,7.17
481,2021-06-21,18.32,18.83,18.22,18.65,60987,154521666.0,3.28,0.38,0.07,7.2
482,2021-06-22,18.65,19.14,18.57,18.77,68731,177036737.0,3.06,0.64,0.12,8.11
483,2021-06-23,18.59,19.53,18.41,18.97,77185,200966992.0,5.97,1.07,0.2,9.11
484,2021-06-24,18.85,18.86,18.33,18.5,50749,128463309.0,2.79,-2.48,-0.47,5.99
485,2021-06-25,18.38,18.74,18.37,18.51,36548,92531881.0,2.0,0.05,0.01,4.31
486,2021-06-28,18.68,19.3,18.46,19.03,48502,125456963.0,4.54,2.81,0.52,5.73
487,2021-06-29,19.04,19.06,18.45,18.74,39363,100482379.0,3.21,-1.52,-0.29,4.65
488,2021-06-30,18.68,18.84,18.35,18.38,38896,98252835.0,2.61,-1.92,-0.36,4.59
489,2021-07-01,18.38,18.6,17.72,17.73,69318,171054167.0,4.79,-3.54,-0.65,8.18
490,2021-07-02,17.63,18.04,17.51,17.77,42357,103292689.0,2.99,0.23,0.04,5.0
491,2021-07-05,17.8,19.2,17.76,19.07,77889,199085940.0,8.1,7.32,1.3,9.2
492,2021-07-06,18.95,20.04,18.7,19.4,89872,236149046.0,7.03,1.73,0.33,10.61
493,2021-07-07,19.22,20.43,18.99,20.08,98812,268003844.0,7.42,3.51,0.68,11.67
494,2021-07-08,21.44,21.76,19.3,19.54,154775,432848080.0,12.25,-2.69,-0.54,18.27
495,2021-07-09,19.71,21.16,19.06,20.89,137707,380002144.0,10.75,6.91,1.35,16.26
496,2021-07-12,21.37,23.07,21.07,23.07,225670,683205248.0,9.57,10.44,2.18,26.64
497,2021-07-13,22.96,23.54,22.37,22.43,164798,511428672.0,5.07,-2.77,-0.64,19.46
498,2021-07-14,22.61,23.87,22.43,23.0,143681,451184112.0,6.42,2.54,0.57,16.96
499,2021-07-15,22.95,23.93,22.6,23.93,148574,469817392.0,5.78,4.04,0.93,17.54
500,2021-07-16,23.54,26.41,23.3,26.41,95990,329132800.0,13.0,10.36,2.48,11.33
501,2021-07-19,27.2,28.13,25.02,25.24,146942,519196736.0,11.78,-4.43,-1.17,17.35
502,2021-07-20,25.05,25.14,22.91,23.8,113654,366159216.0,8.84,-5.71,-1.44,13.42
503,2021-07-21,23.8,24.83,23.43,24.3,99977,327781296.0,5.88,2.1,0.5,11.8
504,2021-07-22,24.11,25.43,24.07,25.14,95994,320683440.0,5.6,3.46,0.84,11.33
505,2021-07-23,25.0,25.77,23.18,23.18,113528,372490608.0,10.3,-7.8,-1.96,13.4
506,2021-07-26,23.77,23.95,22.14,22.66,92140,287425632.0,7.81,-2.24,-0.52,10.88
507,2021-07-27,23.19,23.57,21.13,21.13,102932,310597728.0,10.77,-6.75,-1.53,12.15
508,2021-07-28,21.08,21.12,19.34,20.13,69631,190409513.0,8.42,-4.73,-1.0,8.22
509,2021-07-29,20.62,21.12,20.37,20.81,73603,207462911.0,3.73,3.38,0.68,8.69
510,2021-07-30,20.9,22.81,20.63,22.17,97696,291606864.0,10.48,6.54,1.36,11.53
511,2021-08-02,22.83,23.92,22.57,23.06,104026,325775472.0,6.09,4.01,0.89,12.28
512,2021-08-03,22.83,24.07,22.6,23.01,87449,275942608.0,6.37,-0.22,-0.05,10.32
513,2021-08-04,23.13,24.51,22.9,24.44,86447,278205552.0,7.0,6.21,1.43,10.21
514,2021-08-05,24.45,24.45,23.12,23.33,85587,274029872.0,5.44,-4.54,-1.11,10.1
515,2021-08-06,23.59,23.98,22.83,23.54,70031,220872511.0,4.93,0.9,0.21,8.27
516,2021-08-09,23.43,23.8,22.77,23.13,70888,221536926.0,4.38,-1.74,-0.41,8.37
517,2021-08-10,23.14,23.27,21.88,22.76,80751,245687091.0,6.01,-1.6,-0.37,9.53
518,2021-08-11,22.68,22.76,22.15,22.76,48123,146572342.0,2.68,0.0,0.0,5.68
519,2021-08-12,22.76,23.28,22.46,22.88,73661,228185399.0,3.6,0.53,0.12,8.7
520,2021-08-13,22.98,24.72,22.53,24.13,127599,411411600.0,9.57,5.46,1.25,15.06
521,2021-08-16,24.22,24.67,21.99,22.11,124865,388219120.0,11.11,-8.37,-2.02,14.74
522,2021-08-17,21.77,22.43,21.25,21.26,59550,176750106.0,5.34,-3.84,-0.85,7.03
523,2021-08-18,21.68,23.05,21.58,22.23,71070,216329257.0,6.91,4.56,0.97,8.39
524,2021-08-19,21.88,22.91,21.46,22.4,62373,187677788.0,6.52,0.76,0.17,7.36
525,2021-08-20,22.22,22.5,21.64,22.31,40590,121812770.0,3.84,-0.4,-0.09,4.79
526,2021-08-23,22.13,23.07,22.13,22.76,53688,164231106.0,4.21,2.02,0.45,6.34
527,2021-08-24,22.67,23.41,22.6,22.97,57782,179534089.0,3.56,0.92,0.21,6.82
528,2021-08-25,23.1,23.37,22.38,22.93,50332,155524606.0,4.31,-0.17,-0.04,5.94
529,2021-08-26,22.65,23.1,21.82,21.94,57728,173351772.0,5.58,-4.32,-0.99,6.82
530,2021-08-27,20.48,20.99,19.66,20.63,142369,387836960.0,6.06,-5.97,-1.31,16.81
531,2021-08-30,20.9,21.97,20.8,21.33,87803,254674620.0,5.67,3.39,0.7,10.37
532,2021-08-31,21.19,21.66,20.7,21.34,48843,140469047.0,4.5,0.05,0.01,5.77
533,2021-09-01,21.32,21.75,20.04,20.47,57632,162615766.0,8.01,-4.08,-0.87,6.8
534,2021-09-02,20.15,22.61,20.1,22.6,93147,274355168.0,12.26,10.41,2.13,11.0
535,2021-09-03,22.43,22.85,20.9,21.12,104139,305185456.0,8.63,-6.55,-1.48,12.29
536,2021-09-06,21.29,21.41,20.4,21.33,52018,147582982.0,4.78,0.99,0.21,6.14
537,2021-09-07,21.33,22.43,21.11,22.06,67246,199640919.0,6.19,3.42,0.73,7.94
538,2021-09-08,22.29,22.57,21.8,22.15,50986,153273142.0,3.49,0.41,0.09,6.02
539,2021-09-09,22.37,22.6,21.71,22.01,49966,149612872.0,4.02,-0.63,-0.14,5.9
540,2021-09-10,22.01,22.11,21.03,21.1,60083,173890510.0,4.91,-4.13,-0.91,7.09
541,2021-09-13,21.31,22.43,21.16,22.26,77648,231010566.0,6.02,5.5,1.16,9.17
542,2021-09-14,22.91,24.58,22.91,24.58,91902,301411392.0,7.5,10.42,2.32,10.85
543,2021-09-15,24.62,25.69,23.92,25.43,206902,693980432.0,7.2,3.46,0.85,24.43
544,2021-09-16,27.52,28.07,25.99,26.91,325745,1211273360.0,8.18,5.82,1.48,38.46
545,2021-09-17,27.91,29.57,27.25,28.8,264118,1001292496.0,8.62,7.02,1.89,31.18
546,2021-09-22,29.83,30.99,27.94,30.29,230787,907131264.0,10.59,5.17,1.49,27.25
547,2021-09-23,29.06,29.59,27.17,27.17,204893,774904096.0,7.99,-10.3,-3.12,24.19
548,2021-09-24,25.6,26.13,24.36,24.36,179161,598941488.0,6.51,-10.34,-2.81,21.15
549,2021-09-27,23.68,25.07,23.68,24.79,118375,390804080.0,5.71,1.77,0.43,13.98
550,2021-09-28,24.79,25.3,24.62,24.97,68913,232672326.0,2.74,0.73,0.18,8.14
551,2021-09-29,24.4,25.56,22.38,22.38,98071,311619392.0,12.74,-10.37,-2.59,11.58
552,2021-09-30,22.63,23.37,21.95,23.33,71880,221075924.0,6.34,4.24,0.95,8.49
553,2021-10-08,23.77,24.07,22.64,23.98,56495,179187991.0,6.13,2.79,0.65,6.67
554,2021-10-11,24.0,24.23,22.91,23.36,39771,126299744.0,5.5,-2.59,-0.62,4.7
555,2021-10-12,23.57,23.57,21.89,22.18,45914,140109767.0,7.19,-5.05,-1.18,5.42
556,2021-10-13,22.18,22.18,20.93,21.58,49033,142646277.0,5.64,-2.71,-0.6,5.79
557,2021-10-14,21.55,22.01,21.3,21.85,24677,72517459.0,3.29,1.25,0.27,2.91
558,2021-10-15,21.99,22.99,21.22,22.37,44888,134310117.0,8.1,2.38,0.52,5.3
559,2021-10-18,22.43,22.76,22.07,22.6,34911,105950339.0,3.08,1.03,0.23,4.12
560,2021-10-19,22.49,23.68,22.44,22.96,38128,117760929.0,5.49,1.59,0.36,4.5
561,2021-10-20,22.76,23.91,22.39,23.39,48828,154092508.0,6.62,1.87,0.43,5.76
562,2021-10-21,23.39,25.76,23.18,24.64,91683,305328832.0,11.03,5.34,1.25,10.82
563,2021-10-22,24.47,24.9,23.73,23.75,57347,187890185.0,4.75,-3.61,-0.89,6.77
564,2021-10-25,23.5,25.33,23.5,25.22,69807,234416254.0,7.71,6.19,1.47,8.24
565,2021-10-26,25.2,25.48,24.53,25.06,62331,210098150.0,3.77,-0.63,-0.16,7.36
566,2021-10-27,24.07,25.13,23.78,25.1,69727,231296937.0,5.39,0.16,0.04,8.23
567,2021-10-28,25.23,25.59,23.94,24.14,60604,200614340.0,6.57,-3.82,-0.96,7.15
568,2021-10-29,24.25,24.43,22.53,22.59,60425,188943829.0,7.87,-6.42,-1.55,7.13
569,2021-11-01,22.58,24.94,22.57,24.94,66440,217446966.0,10.49,10.4,2.35,7.84
570,2021-11-02,25.16,25.4,23.24,23.35,76583,249139764.0,8.66,-6.38,-1.59,9.04
571,2021-11-03,23.66,23.83,22.68,23.03,40805,127875418.0,4.93,-1.37,-0.32,4.82
572,2021-11-04,22.99,23.33,22.93,23.16,25793,80624791.0,1.74,0.56,0.13,3.05
573,2021-11-05,22.9,23.37,22.16,22.22,44734,137618690.0,5.22,-4.06,-0.94,5.28
574,2021-11-08,22.13,22.41,21.37,22.06,39200,116519378.0,4.68,-0.72,-0.16,4.63
575,2021-11-09,22.06,22.83,21.93,22.63,30344,91952036.0,4.08,2.58,0.57,3.58
576,2021-11-10,22.62,22.65,22.05,22.5,23961,72637064.0,2.65,-0.57,-0.13,2.83
577,2021-11-11,22.67,24.07,22.23,23.97,53958,170596027.0,8.18,6.53,1.47,6.37
578,2021-11-12,23.85,26.2,23.85,24.77,110457,375462832.0,9.8,3.34,0.8,13.04
579,2021-11-15,24.97,25.09,22.72,23.6,73124,233627957.0,9.57,-4.72,-1.17,8.63
580,2021-11-16,23.25,23.53,22.83,22.98,39912,124372682.0,2.97,-2.63,-0.62,4.71
581,2021-11-17,22.89,23.23,22.83,23.08,27982,87268215.0,1.74,0.44,0.1,3.3
582,2021-11-18,22.99,24.18,22.96,24.12,47381,151214346.0,5.29,4.51,1.04,5.59
583,2021-11-19,24.0,24.13,23.6,24.1,31064,100202460.0,2.2,-0.08,-0.02,3.67
584,2021-11-22,24.1,25.14,24.06,24.91,54158,180742255.0,4.48,3.36,0.81,6.39
585,2021-11-23,24.91,25.44,24.7,25.1,50274,170098468.0,2.97,0.76,0.19,5.94
586,2021-11-24,25.22,25.73,24.65,24.78,41670,141260431.0,4.3,-1.27,-0.32,4.92
587,2021-11-25,24.68,24.74,24.13,24.33,34373,113111603.0,2.46,-1.82,-0.45,4.06
588,2021-11-26,24.44,26.21,24.36,25.49,67646,232040308.0,7.6,4.77,1.16,7.99
589,2021-11-29,25.2,25.69,24.87,25.26,43828,149245071.0,3.22,-0.9,-0.23,5.17
590,2021-11-30,25.3,25.8,25.07,25.49,38369,131565732.0,2.89,0.91,0.23,4.53
591,2021-12-01,25.51,28.13,25.3,27.05,129670,471272064.0,11.1,6.12,1.56,15.31
592,2021-12-02,26.68,27.37,26.01,27.33,89006,318898128.0,5.03,1.04,0.28,10.51
593,2021-12-03,27.18,28.1,26.41,27.38,78151,286989008.0,6.18,0.18,0.05,9.23
594,2021-12-06,27.1,27.9,26.79,27.28,57589,211982932.0,4.05,-0.37,-0.1,6.8
595,2021-12-07,27.27,27.57,26.02,26.13,56370,200661021.0,5.68,-4.22,-1.15,6.65
596,2021-12-08,26.32,27.73,25.74,27.4,71571,258379134.0,7.62,4.86,1.27,8.45
597,2021-12-09,27.4,28.93,26.99,28.27,82803,312937296.0,7.08,3.18,0.87,9.78
598,2021-12-10,28.0,28.54,27.64,27.83,44341,167455086.0,3.18,-1.56,-0.44,5.23
599,2021-12-13,27.92,28.95,27.47,28.2,58709,222915668.0,5.32,1.33,0.37,6.89
600,2021-12-14,28.58,30.22,27.83,29.4,87159,341081280.0,8.48,4.26,1.2,10.24
601,2021-12-15,29.83,29.91,28.33,28.43,49438,191571483.0,5.37,-3.3,-0.97,5.81
602,2021-12-16,28.39,28.57,27.62,27.97,43924,164979379.0,3.34,-1.62,-0.46,5.16
603,2021-12-17,27.97,28.03,26.66,26.76,41510,150902479.0,4.9,-4.33,-1.21,4.87
604,2021-12-20,26.31,27.72,25.64,27.05,51038,184046239.0,7.77,1.08,0.29,5.99
605,2021-12-21,26.77,27.14,26.27,26.41,22746,81225157.0,3.22,-2.37,-0.64,2.67
606,2021-12-22,26.22,26.83,25.93,26.35,25056,88268925.0,3.41,-0.23,-0.06,2.94
607,2021-12-23,26.38,26.43,25.7,25.84,25654,89373867.0,2.77,-1.94,-0.51,3.01
608,2021-12-24,25.87,26.04,25.1,25.15,29730,101437471.0,3.64,-2.67,-0.69,3.49
609,2021-12-27,25.06,26.37,25.05,25.62,23284,81129206.0,5.25,1.87,0.47,2.73
610,2021-12-28,25.85,26.37,25.47,25.68,23384,81529681.0,3.51,0.23,0.06,2.75
611,2021-12-29,25.69,26.37,25.23,25.91,31034,107854627.0,4.44,0.9,0.23,3.64
612,2021-12-30,25.73,26.27,25.49,26.07,25458,88672037.0,3.01,0.62,0.16,2.99
613,2021-12-31,26.07,27.45,26.07,27.42,44700,162525367.0,5.29,5.18,1.35,5.22
614,2022-01-04,27.93,28.97,27.22,27.22,59088,221731763.0,6.38,-0.73,-0.2,6.9
615,2022-01-05,27.23,27.55,24.4,24.8,69123,237176329.0,11.57,-8.89,-2.42,8.07
616,2022-01-06,24.46,25.67,24.46,25.45,28791,97820097.0,4.88,2.62,0.65,3.36
617,2022-01-07,25.35,25.53,24.0,24.53,37137,122988513.0,6.01,-3.61,-0.92,4.34
618,2022-01-10,24.53,25.01,24.27,24.72,20419,68117833.0,3.02,0.77,0.19,2.38
619,2022-01-11,24.73,25.53,24.46,25.14,22116,75111591.0,4.33,1.7,0.42,2.58
620,2022-01-12,24.83,25.8,24.83,25.5,22063,75672305.0,3.86,1.43,0.36,2.58
621,2022-01-13,25.53,25.74,24.72,24.99,20810,70225116.0,4.0,-2.0,-0.51,2.43
622,2022-01-14,24.93,25.26,24.6,24.92,15020,50491703.0,2.64,-0.28,-0.07,1.75
623,2022-01-17,25.03,25.09,24.48,24.76,14506,48371268.0,2.45,-0.64,-0.16,1.69
624,2022-01-18,24.83,25.05,24.24,24.55,18857,62495699.0,3.27,-0.85,-0.21,2.2
625,2022-01-19,24.13,24.68,24.04,24.21,11280,36834380.0,2.61,-1.38,-0.34,1.32
626,2022-01-20,24.21,25.36,24.21,25.27,38280,129266094.0,4.75,4.38,1.06,4.47
627,2022-01-21,25.27,26.76,24.93,26.47,51107,178977146.0,7.24,4.75,1.2,5.97
628,2022-01-24,26.67,26.73,25.83,25.87,25309,89276857.0,3.4,-2.27,-0.6,2.95
629,2022-01-25,25.62,26.14,23.61,23.81,38264,125256065.0,9.78,-7.96,-2.06,4.47
630,2022-01-26,24.05,26.13,23.32,25.39,36522,122361168.0,11.8,6.64,1.58,4.26
631,2022-01-27,25.6,25.87,23.67,23.76,27833,90761725.0,8.66,-6.42,-1.63,3.25
632,2022-01-28,24.26,24.3,23.37,23.8,10032,32304680.0,3.91,0.17,0.04,1.17
633,2022-02-07,24.21,24.6,24.11,24.37,11314,37157754.0,2.06,2.39,0.57,1.32
634,2022-02-08,24.73,24.9,23.91,24.52,10659,35133054.0,4.06,0.62,0.15,1.24
635,2022-02-09,24.82,25.24,24.4,25.1,15267,51269268.0,3.43,2.37,0.58,1.78
636,2022-02-10,25.1,25.22,24.52,24.6,12266,41025809.0,2.79,-1.99,-0.5,1.43
637,2022-02-11,24.36,25.21,24.22,24.5,16022,53735915.0,4.02,-0.41,-0.1,1.87
638,2022-02-14,24.5,24.7,23.91,24.39,11505,37845453.0,3.22,-0.45,-0.11,1.34
639,2022-02-15,24.43,24.73,24.16,24.42,21979,72255427.0,2.34,0.12,0.03,2.57
640,2022-02-16,24.57,26.13,24.43,25.14,30454,103790476.0,6.96,2.95,0.72,3.56
641,2022-02-17,25.23,25.75,25.07,25.18,30106,103219105.0,2.7,0.16,0.04,3.51
642,2022-02-18,24.83,25.3,24.41,24.63,27380,91416285.0,3.53,-2.18,-0.55,3.2
643,2022-02-21,24.52,24.99,24.51,24.7,16016,53399252.0,1.95,0.28,0.07,1.87
644,2022-02-22,24.73,27.27,24.15,25.66,84679,296860016.0,12.63,3.89,0.96,9.89
645,2022-02-23,25.73,26.56,25.34,26.38,51093,179193127.0,4.75,2.81,0.72,5.96
646,2022-02-24,26.22,26.63,24.37,24.77,59175,203517991.0,8.57,-6.1,-1.61,6.91
647,2022-02-25,25.03,26.09,24.94,25.45,36028,123578291.0,4.64,2.75,0.68,4.21
648,2022-02-28,25.37,25.83,25.05,25.33,31931,109373027.0,3.06,-0.47,-0.12,3.73
649,2022-03-01,25.33,25.82,24.95,25.44,26456,90462231.0,3.43,0.43,0.11,3.09
650,2022-03-02,25.82,27.77,25.38,27.2,93014,337101952.0,9.39,6.92,1.76,10.86
651,2022-03-03,27.21,27.45,26.45,26.73,65679,237393585.0,3.68,-1.73,-0.47,7.67
652,2022-03-04,26.67,27.37,26.35,26.52,44728,161244412.0,3.82,-0.79,-0.21,5.22
653,2022-03-07,26.83,27.73,26.64,26.83,58359,212655591.0,4.11,1.17,0.31,6.81
654,2022-03-08,26.97,27.37,25.9,26.22,46818,167232172.0,5.48,-2.27,-0.61,5.47
655,2022-03-09,26.37,26.45,23.68,25.31,43731,149229862.0,10.56,-3.47,-0.91,5.11
656,2022-03-10,25.83,25.83,25.05,25.18,28119,96449765.0,3.08,-0.51,-0.13,3.28
657,2022-03-11,24.43,25.22,23.07,25.13,54256,176792355.0,8.54,-0.2,-0.05,6.33
658,2022-03-14,24.67,24.81,23.55,23.6,33863,109286642.0,5.01,-6.09,-1.53,3.95
659,2022-03-15,23.31,23.55,22.37,22.5,22093,68151403.0,5.0,-4.66,-1.1,2.58
660,2022-03-16,22.76,23.17,21.33,22.84,30332,92167801.0,8.18,1.51,0.34,3.54
661,2022-03-17,23.13,23.65,22.7,22.73,23231,72851642.0,4.16,-0.48,-0.11,2.71
662,2022-03-18,22.53,23.93,22.53,23.67,24848,78500515.0,6.16,4.14,0.94,2.9
663,2022-03-21,23.68,24.2,23.07,23.75,17942,57625140.0,4.77,0.34,0.08,2.09
664,2022-03-22,23.72,23.94,23.3,23.59,11947,38136939.0,2.69,-0.67,-0.16,1.39
665,2022-03-23,23.88,23.88,23.53,23.69,8518,27221762.0,1.48,0.42,0.1,0.99
666,2022-03-24,23.76,23.93,23.49,23.7,9017,28889835.0,1.86,0.04,0.01,1.05
667,2022-03-25,23.8,24.07,23.52,23.6,12655,40693907.0,2.32,-0.42,-0.1,1.48
668,2022-03-28,23.6,23.6,22.33,22.83,14335,44164138.0,5.38,-3.26,-0.77,1.67
669,2022-03-29,22.83,23.17,22.55,22.8,11338,34999186.0,2.72,-0.13,-0.03,1.32
670,2022-03-30,22.92,23.05,22.65,22.97,10264,31745086.0,1.75,0.75,0.17,1.2
671,2022-03-31,22.91,23.28,22.35,22.95,16347,50540874.0,4.05,-0.09,-0.02,1.9
672,2022-04-01,22.9,23.03,22.61,22.69,9496,29269297.0,1.83,-1.13,-0.26,1.11
673,2022-04-06,22.82,22.82,21.94,22.37,15728,47541728.0,3.88,-1.41,-0.32,1.83
674,2022-04-07,22.36,22.36,21.77,21.78,14825,44152151.0,2.64,-2.64,-0.59,1.73
675,2022-04-08,21.77,22.37,21.74,21.99,12439,37178244.0,2.89,0.96,0.21,1.45
676,2022-04-11,22.14,22.41,21.2,21.2,16406,47925350.0,5.5,-3.59,-0.79,1.91
677,2022-04-12,21.37,21.61,20.8,21.44,12727,36611590.0,3.82,1.13,0.24,1.48
678,2022-04-13,21.73,21.74,21.06,21.17,5766,16566230.0,3.17,-1.26,-0.27,0.67
679,2022-04-14,21.37,21.37,20.8,20.98,10843,30866905.0,2.69,-0.9,-0.19,1.26
680,2022-04-15,20.83,21.03,19.69,20.68,17531,48847031.0,6.39,-1.43,-0.3,2.04
681,2022-04-18,20.67,21.13,20.11,21.03,11432,32000357.0,4.93,1.69,0.35,1.33
682,2022-04-19,21.04,22.44,20.87,22.23,22436,66721581.0,7.47,5.71,1.2,2.61
683,2022-04-20,22.23,22.71,21.93,22.3,14243,42972748.0,3.51,0.31,0.07,1.66
684,2022-04-21,22.34,22.6,21.76,22.17,19934,59787866.0,3.77,-0.58,-0.13,2.32
685,2022-04-22,22.76,22.92,21.6,21.62,36043,109820123.0,5.95,-2.48,-0.55,4.19
686,2022-04-25,21.36,21.91,20.69,20.85,26047,75637221.0,5.64,-3.56,-0.77,3.03
687,2022-04-26,21.21,21.21,19.07,19.24,30418,81787788.0,10.26,-7.72,-1.61,3.54
688,2022-04-27,19.07,21.26,18.83,21.26,45666,126492471.0,12.63,10.5,2.02,5.31
689,2022-04-28,21.14,21.57,20.61,21.15,24737,70689640.0,4.52,-0.52,-0.11,2.88
690,2022-04-29,21.34,21.91,21.03,21.72,28601,83361160.0,4.16,2.7,0.57,3.33
691,2022-05-05,21.95,22.87,21.62,22.45,23713,71964528.0,5.76,3.36,0.73,2.76
692,2022-05-06,21.77,22.9,21.76,22.3,29211,88489923.0,5.08,-0.67,-0.15,3.4
693,2022-05-09,22.12,22.53,21.92,22.07,18566,55718614.0,2.74,-1.03,-0.23,2.16
694,2022-05-10,21.73,22.3,21.73,22.04,17464,52185443.0,2.58,-0.14,-0.03,2.03
695,2022-05-11,22.01,22.53,21.92,21.92,20320,61314452.0,2.77,-0.54,-0.12,2.36
696,2022-05-12,21.61,22.48,21.6,22.24,18601,55856029.0,4.01,1.46,0.32,2.16
697,2022-05-13,22.2,23.11,22.19,22.74,28880,88589527.0,4.14,2.25,0.5,3.36
698,2022-05-16,22.66,23.18,22.53,23.03,20199,62814551.0,2.86,1.28,0.29,2.35
699,2022-05-17,22.93,23.57,22.83,23.3,20441,64179884.0,3.21,1.17,0.27,2.38
700,2022-05-18,23.28,23.8,23.07,23.76,22588,71903905.0,3.13,1.97,0.46,2.63
701,2022-05-19,23.53,25.83,23.5,25.01,58791,196159979.0,9.81,5.26,1.25,6.84
702,2022-05-20,24.97,25.97,24.97,25.16,53070,181921356.0,4.0,0.6,0.15,6.18
703,2022-05-23,25.19,25.97,24.91,25.95,43715,150433768.0,4.21,3.14,0.79,5.09
704,2022-05-24,25.91,26.75,25.01,25.16,49813,173549992.0,6.71,-3.04,-0.79,5.8
705,2022-05-25,24.95,25.53,24.37,24.68,42361,141336366.0,4.61,-1.91,-0.48,4.93
706,2022-05-26,24.65,24.83,24.15,24.59,26251,86596416.0,2.76,-0.36,-0.09,3.06
707,2022-05-27,25.07,25.74,24.58,25.17,33456,113430447.0,4.72,2.36,0.58,3.89
708,2022-05-30,25.03,25.6,24.76,25.13,25947,87550442.0,3.34,-0.16,-0.04,3.02
709,2022-05-31,24.94,25.57,24.92,25.16,20631,69980824.0,2.59,0.12,0.03,2.4
710,2022-06-01,25.16,25.73,24.87,25.14,29075,99373990.0,3.42,-0.08,-0.02,3.38
711,2022-06-02,25.13,25.54,24.91,25.26,31543,107359766.0,2.51,0.48,0.12,3.67
712,2022-06-06,25.31,25.96,25.03,25.88,38940,134616122.0,3.68,2.45,0.62,4.53
713,2022-06-07,25.86,26.09,25.43,25.6,25974,89892414.0,2.55,-1.08,-0.28,3.02
714,2022-06-08,25.88,26.4,25.22,25.74,37032,128894140.0,4.61,0.55,0.14,4.31
715,2022-06-09,25.87,25.87,24.99,25.19,33389,113954234.0,3.42,-2.14,-0.55,3.89
716,2022-06-10,25.08,26.22,25.04,25.98,37136,129194780.0,4.68,3.14,0.79,4.32
717,2022-06-13,25.64,26.85,25.62,26.69,40219,143459224.0,4.73,2.73,0.71,4.68
718,2022-06-14,26.57,27.45,26.14,27.2,47690,171725778.0,4.91,1.91,0.51,5.55
719,2022-06-15,27.19,27.19,25.37,25.81,49140,172589990.0,6.69,-5.11,-1.39,5.72
720,2022-06-16,25.8,26.28,25.17,25.43,29678,102453100.0,4.3,-1.47,-0.38,3.45
721,2022-06-17,25.21,26.05,25.16,25.83,37124,128281028.0,3.5,1.57,0.4,4.32
722,2022-06-20,25.83,26.37,25.55,25.99,27779,97012393.0,3.17,0.62,0.16,3.23
723,2022-06-21,25.8,26.0,24.26,24.42,44516,149510328.0,6.69,-6.04,-1.57,5.18
724,2022-06-22,24.34,24.93,24.23,24.43,29028,96213073.0,2.87,0.04,0.01,3.38
725,2022-06-23,24.47,24.82,24.18,24.73,20858,69102235.0,2.62,1.23,0.3,2.43
726,2022-06-24,24.71,27.2,24.5,26.88,82370,291295744.0,10.92,8.69,2.15,9.59
727,2022-06-27,26.99,27.1,26.07,26.82,54676,195027084.0,3.83,-0.22,-0.06,3.87
728,2022-06-28,26.56,27.07,26.37,26.58,27717,99558136.0,2.61,-0.89,-0.24,1.96
729,2022-06-29,26.65,26.65,25.38,25.39,40331,140210866.0,4.78,-4.48,-1.19,2.85
730,2022-06-30,25.3,25.9,25.12,25.2,20998,71964977.0,3.07,-0.75,-0.19,1.49
731,2022-07-01,25.25,26.6,25.0,26.22,37152,129511621.0,6.35,4.05,1.02,2.63
732,2022-07-04,26.52,28.93,26.03,28.93,70512,266566364.0,11.06,10.34,2.71,4.99
733,2022-07-05,29.5,30.58,28.9,30.01,134855,535445120.0,5.81,3.73,1.08,9.54
734,2022-07-06,30.01,30.37,28.73,29.05,70936,279596752.0,5.46,-3.2,-0.96,5.02
735,2022-07-07,28.84,29.14,28.43,28.82,51913,200570669.0,2.44,-0.79,-0.23,3.67
736,2022-07-08,29.15,29.42,27.7,27.77,62123,179465049.0,5.97,-3.64,-1.05,3.38
737,2022-07-11,27.19,27.52,26.27,26.36,70064,191248275.0,4.5,-5.08,-1.41,3.81
738,2022-07-12,27.0,27.37,25.25,25.45,69215,185358259.0,8.04,-3.45,-0.91,3.77
739,2022-07-13,25.48,26.25,25.36,25.89,44596,117654460.0,3.5,1.73,0.44,2.43
740,2022-07-14,26.1,27.03,25.99,26.48,44279,119632058.0,4.02,2.28,0.59,2.41
741,2022-07-15,26.54,28.43,26.47,27.33,63721,179411859.0,7.4,3.21,0.85,3.47
742,2022-07-18,27.1,28.15,27.05,27.61,44866,125824037.0,4.02,1.02,0.28,2.44
743,2022-07-19,27.68,28.9,27.45,28.6,62624,181759006.0,5.25,3.59,0.99,3.41
744,2022-07-20,28.45,28.65,28.05,28.41,33140,95813465.0,2.1,-0.66,-0.19,1.8
745,2022-07-21,28.39,28.9,27.91,27.93,47103,135709777.0,3.48,-1.69,-0.48,2.56
746,2022-07-22,28.17,28.54,27.45,28.3,47619,135815824.0,3.9,1.32,0.37,2.59
747,2022-07-25,28.29,28.54,26.95,27.27,53571,150581470.0,5.62,-3.64,-1.03,2.92
748,2022-07-26,27.25,27.31,26.38,27.18,36311,99599685.0,3.41,-0.33,-0.09,1.98
749,2022-07-27,27.28,27.8,26.88,27.42,23614,65944682.0,3.38,0.88,0.24,1.29
750,2022-07-28,27.45,29.35,27.31,28.96,71111,206597733.0,7.44,5.62,1.54,3.87
751,2022-07-29,28.99,30.7,28.91,30.31,121232,370358310.0,6.18,4.66,1.35,6.6
752,2022-08-01,30.31,30.45,29.05,30.34,82525,251225069.0,4.62,0.1,0.03,4.49
753,2022-08-02,29.93,30.39,29.26,29.3,87549,265669895.0,3.72,-3.43,-1.04,4.77
754,2022-08-03,29.56,31.66,29.51,30.7,159088,497929396.0,7.34,4.78,1.4,8.66
755,2022-08-04,30.86,32.26,30.67,31.22,104195,333120513.0,5.18,1.69,0.52,5.67
756,2022-08-05,31.43,31.91,29.78,31.46,73926,234449423.0,6.82,0.77,0.24,4.02
757,2022-08-08,31.47,34.59,31.36,34.27,97978,331421444.0,10.27,8.93,2.81,5.33
758,2022-08-09,33.82,35.56,33.55,34.25,84376,296547884.0,5.87,-0.06,-0.02,4.59
759,2022-08-10,34.28,36.56,33.75,36.02,110859,398525649.0,8.2,5.17,1.77,6.03
760,2022-08-11,35.45,36.02,34.85,35.55,86982,312825369.0,3.25,-1.3,-0.47,4.73
761,2022-08-12,35.28,35.33,32.78,33.54,152951,526468373.0,7.17,-5.65,-2.01,8.33
762,2022-08-15,33.19,34.98,33.19,33.88,93760,324760323.0,5.34,1.01,0.34,5.1
763,2022-08-16,34.13,34.8,32.9,34.35,75271,260110407.0,5.61,1.39,0.47,4.1
764,2022-08-17,34.6,34.79,33.15,33.7,65295,223566289.0,4.77,-1.89,-0.65,3.55
765,2022-08-18,33.32,33.7,32.37,32.64,71093,236894084.0,3.95,-3.15,-1.06,3.87
766,2022-08-19,32.68,32.78,31.99,32.3,53500,175779741.0,2.42,-1.04,-0.34,2.91
767,2022-08-22,32.37,33.3,31.87,33.08,50005,166313096.0,4.43,2.41,0.78,2.72
768,2022-08-23,32.65,33.17,32.16,32.85,46533,153944762.0,3.05,-0.7,-0.23,2.53
769,2022-08-24,32.83,32.83,31.15,31.73,63485,204855286.0,5.11,-3.41,-1.12,3.46
770,2022-08-25,31.7,31.9,30.69,31.25,45621,144915282.0,3.81,-1.51,-0.48,2.48
771,2022-08-26,31.62,32.55,31.23,31.53,53377,173331753.0,4.22,0.9,0.28,2.91
772,2022-08-29,31.44,31.71,30.62,30.9,33607,105978702.0,3.46,-2.0,-0.63,1.83
773,2022-08-30,31.16,31.25,29.86,30.39,34725,107309761.0,4.5,-1.65,-0.51,1.89
774,2022-08-31,30.09,30.41,28.83,28.92,49914,149688977.0,5.2,-4.84,-1.47,2.72
775,2022-09-01,29.43,29.6,28.51,28.74,28109,83216575.0,3.77,-0.62,-0.18,1.53
776,2022-09-02,29.19,29.67,28.46,29.28,30817,91653199.0,4.21,1.88,0.54,1.68
777,2022-09-05,28.95,30.25,28.95,29.87,37436,113480696.0,4.44,2.02,0.59,2.04
778,2022-09-06,30.17,31.09,29.89,30.47,42452,131777290.0,4.02,2.01,0.6,2.31
779,2022-09-07,30.3,31.07,30.25,30.45,27356,85273362.0,2.69,-0.07,-0.02,1.49
780,2022-09-08,30.45,30.55,28.65,28.65,55443,165814538.0,6.24,-5.91,-1.8,3.02
781,2022-09-09,29.09,29.13,27.95,28.05,63773,184338389.0,4.12,-2.09,-0.6,3.47
782,2022-09-13,28.17,28.89,28.02,28.62,35931,103929167.0,3.1,2.03,0.57,1.96
783,2022-09-14,28.06,28.63,27.56,27.85,28937,82267788.0,3.74,-2.69,-0.77,1.58
784,2022-09-15,28.01,28.16,26.67,27.1,38270,106039567.0,5.35,-2.69,-0.75,2.08
785,2022-09-16,26.99,27.55,26.56,26.6,24747,68241892.0,3.65,-1.85,-0.5,1.35
786,2022-09-19,26.45,27.13,26.3,26.45,23175,62814579.0,3.12,-0.56,-0.15,1.26
787,2022-09-20,26.75,27.51,26.5,27.08,26147,72525562.0,3.82,2.38,0.63,1.42
788,2022-09-21,27.09,27.3,26.56,26.93,18686,51344210.0,2.73,-0.55,-0.15,1.02
789,2022-09-22,26.65,27.79,26.65,27.09,29784,83012520.0,4.23,0.59,0.16,1.62
790,2022-09-23,27.25,27.33,26.22,26.5,28727,78164457.0,4.1,-2.18,-0.59,1.56
791,2022-09-26,26.25,26.63,25.75,25.87,22493,60090675.0,3.32,-2.38,-0.63,1.22
792,2022-09-27,26.05,26.35,25.63,26.35,23339,61926755.0,2.78,1.86,0.48,1.27
793,2022-09-28,26.28,26.42,25.18,25.2,23235,60818540.0,4.71,-4.36,-1.15,1.26
794,2022-09-29,25.33,25.93,25.33,25.53,20573,53827857.0,2.38,1.31,0.33,1.12
795,2022-09-30,25.68,26.0,24.84,24.85,26163,67687225.0,4.54,-2.66,-0.68,1.42
796,2022-10-10,24.91,25.95,24.45,25.07,22860,59020344.0,6.04,0.89,0.22,1.24
797,2022-10-11,25.12,25.71,24.83,25.49,21841,56718163.0,3.51,1.68,0.42,1.19
798,2022-10-12,25.47,26.53,24.45,26.41,31434,81923730.0,8.16,3.61,0.92,1.71
799,2022-10-13,26.24,26.75,26.0,26.64,28582,77243150.0,2.84,0.87,0.23,1.56
800,2022-10-14,26.81,27.23,26.55,27.05,26838,73604066.0,2.55,1.54,0.41,1.46
801,2022-10-17,26.65,27.39,26.65,27.2,18521,51388428.0,2.74,0.55,0.15,1.01
802,2022-10-18,27.45,28.41,27.16,28.09,44590,126848235.0,4.6,3.27,0.89,2.43
803,2022-10-19,27.94,28.33,27.55,27.57,30110,85625363.0,2.78,-1.85,-0.52,1.64
804,2022-10-20,27.75,27.76,26.25,27.02,34192,93959472.0,5.48,-1.99,-0.55,1.86
805,2022-10-21,27.13,28.2,26.89,27.84,32086,90547855.0,4.85,3.03,0.82,1.75
806,2022-10-24,27.96,28.83,27.49,27.9,35020,100371151.0,4.81,0.22,0.06,1.91
807,2022-10-25,27.88,28.21,26.66,28.19,30979,87119067.0,5.56,1.04,0.29,1.69
808,2022-10-26,28.18,28.53,27.75,28.05,29672,85218299.0,2.77,-0.5,-0.14,1.61
809,2022-10-27,28.05,28.42,27.35,27.45,28996,82234193.0,3.81,-2.14,-0.6,1.58
810,2022-10-28,27.45,27.55,26.09,26.31,27642,75434661.0,5.32,-4.15,-1.14,1.5
811,2022-10-31,26.32,27.35,26.21,26.85,22963,63000918.0,4.33,2.05,0.54,1.25
812,2022-11-01,26.88,28.03,26.88,27.95,37323,105607856.0,4.28,4.1,1.1,2.03
813,2022-11-02,27.98,28.18,27.46,27.97,31076,88291828.0,2.58,0.07,0.02,1.69
814,2022-11-03,27.95,29.25,27.76,29.03,41727,122250299.0,5.33,3.79,1.06,2.27
815,2022-11-04,29.34,31.33,28.85,31.1,90532,280517734.0,8.54,7.13,2.07,4.93
816,2022-11-07,31.35,31.8,30.65,30.81,53855,170726901.0,3.7,-0.93,-0.29,2.93
817,2022-11-08,30.81,31.09,30.45,31.0,27720,86960331.0,2.08,0.62,0.19,1.51
818,2022-11-09,31.22,31.63,30.92,31.2,24990,79409732.0,2.29,0.65,0.2,1.36
819,2022-11-10,30.95,31.13,29.38,29.68,49525,151630053.0,5.61,-4.87,-1.52,2.69
820,2022-11-11,30.44,30.6,29.43,29.47,31296,95321576.0,3.94,-0.71,-0.21,1.7
821,2022-11-14,29.64,30.0,28.86,29.87,38044,114058573.0,3.87,1.36,0.4,2.07
822,2022-11-15,29.63,32.87,29.63,32.61,89574,289690762.0,10.85,9.17,2.74,4.87
823,2022-11-16,32.6,33.11,31.66,31.9,37136,121540768.0,4.45,-2.18,-0.71,2.02
824,2022-11-17,32.34,32.39,31.25,31.6,37725,121643692.0,3.57,-0.94,-0.3,2.05
825,2022-11-18,31.61,32.68,31.55,31.77,42169,137513938.0,3.58,0.54,0.17,2.29
826,2022-11-21,31.78,33.1,31.25,32.51,46566,154382005.0,5.82,2.33,0.74,2.53
827,2022-11-22,32.52,33.13,31.82,31.93,33843,111217379.0,4.03,-1.78,-0.58,1.84
828,2022-11-23,31.79,32.7,31.1,32.3,39418,127748105.0,5.01,1.16,0.37,2.14
829,2022-11-24,33.21,33.21,31.96,32.6,43268,142537799.0,3.87,0.93,0.3,2.35
830,2022-11-25,32.49,32.55,31.28,31.7,43832,141789391.0,3.9,-2.76,-0.9,2.38
831,2022-11-28,30.37,30.54,29.26,30.15,64125,195794121.0,4.04,-4.89,-1.55,3.49
832,2022-11-29,30.18,30.95,29.95,30.45,35934,111419435.0,3.32,1.0,0.3,1.96
833,2022-11-30,30.43,30.54,29.2,29.36,44243,133284579.0,4.4,-3.58,-1.09,2.41
834,2022-12-01,29.6,30.67,29.37,30.28,41418,127645122.0,4.43,3.13,0.92,2.25
835,2022-12-02,30.0,32.02,30.0,31.58,48438,155084780.0,6.67,4.29,1.3,2.64
836,2022-12-05,31.58,32.01,31.16,31.57,41423,132815380.0,2.69,-0.03,-0.01,2.25
837,2022-12-06,31.64,33.42,31.2,33.25,63991,212897939.0,7.03,5.32,1.68,3.48
838,2022-12-07,33.32,34.52,33.1,33.75,59379,204375055.0,4.27,1.5,0.5,3.23
839,2022-12-08,33.82,35.28,33.35,34.72,51515,181228902.0,5.72,2.87,0.97,2.8
840,2022-12-09,34.43,35.2,34.34,34.51,36503,128648061.0,2.48,-0.6,-0.21,1.99
841,2022-12-12,34.51,35.51,34.33,35.28,38183,135758106.0,3.42,2.23,0.77,2.08
842,2022-12-13,35.05,35.86,33.74,33.86,58292,205353645.0,6.01,-4.02,-1.42,3.17
843,2022-12-14,34.24,34.42,33.38,33.7,36775,126453625.0,3.07,-0.47,-0.16,2.0
844,2022-12-15,33.5,33.94,33.15,33.5,22423,76449418.0,2.34,-0.59,-0.2,1.22
845,2022-12-16,33.55,33.62,32.77,32.85,23569,79304645.0,2.54,-1.94,-0.65,1.28
846,2022-12-19,32.89,33.6,31.62,31.85,30690,100732631.0,6.03,-3.04,-1.0,1.67
847,2022-12-20,32.24,32.24,30.9,31.27,21906,70030107.0,4.21,-1.82,-0.58,1.19
848,2022-12-21,31.57,33.1,30.8,32.51,35919,117592715.0,7.36,3.97,1.24,1.95
849,2022-12-22,32.52,32.95,31.29,31.6,27394,88754621.0,5.11,-2.8,-0.91,1.49
850,2022-12-23,31.69,31.69,30.04,30.27,42899,133304608.0,5.22,-4.21,-1.33,2.33
851,2022-12-26,30.46,32.31,30.45,31.75,31911,102637569.0,6.14,4.89,1.48,1.73
852,2022-12-27,31.79,32.24,31.57,31.68,21057,68236566.0,2.11,-0.22,-0.07,1.14
853,2022-12-28,31.68,32.14,30.65,31.65,28091,89855189.0,4.7,-0.09,-0.03,1.52
854,2022-12-29,31.66,32.88,31.21,32.02,36417,119244502.0,5.28,1.17,0.37,1.98
855,2022-12-30,32.08,32.62,31.4,31.75,26352,85567600.0,3.81,-0.84,-0.27,1.43
856,2023-01-03,32.75,33.42,32.2,33.16,51332,171888393.0,3.84,4.44,1.41,2.78
857,2023-01-04,33.11,34.05,32.65,33.6,37115,125535743.0,4.22,1.33,0.44,2.01
858,2023-01-05,33.8,34.25,33.45,34.11,29560,102054980.0,2.38,1.52,0.51,1.6
859,2023-01-06,33.92,34.33,33.36,33.59,30436,104353120.0,2.84,-1.52,-0.52,1.65
860,2023-01-09,33.71,33.92,33.27,33.78,28735,98081396.0,1.94,0.57,0.19,1.56
861,2023-01-10,34.02,34.99,33.62,34.76,43931,153698568.0,4.06,2.9,0.98,2.38
862,2023-01-11,35.07,35.45,34.05,34.23,28682,101071782.0,4.03,-1.52,-0.53,1.55
863,2023-01-12,33.74,33.93,32.45,33.25,52856,178420692.0,4.32,-2.86,-0.98,2.86
864,2023-01-13,33.46,34.79,32.96,34.01,35443,122427535.0,5.5,2.29,0.76,1.92
865,2023-01-16,34.18,34.63,33.83,34.0,28695,99904157.0,2.35,-0.03,-0.01,1.55
866,2023-01-17,33.94,34.13,33.36,33.46,18826,64432060.0,2.26,-1.59,-0.54,1.02
867,2023-01-18,33.95,34.09,33.15,33.2,20420,69409121.0,2.81,-0.78,-0.26,1.11
868,2023-01-19,33.2,33.3,32.75,32.95,19032,63882455.0,1.66,-0.75,-0.25,1.03
869,2023-01-20,33.45,33.7,32.75,33.36,19054,64411093.0,2.88,1.24,0.41,1.03
870,2023-01-30,33.63,34.75,33.47,34.39,48618,169137387.0,3.84,3.09,1.03,2.63
871,2023-01-31,34.15,34.55,34.05,34.25,21975,76464174.0,1.45,-0.41,-0.14,1.19
872,2023-02-01,34.35,35.52,34.26,35.5,42135,150221574.0,3.68,3.65,1.25,2.28
873,2023-02-02,35.4,35.53,34.86,35.49,26991,96529730.0,1.89,-0.03,-0.01,1.46
874,2023-02-03,35.56,35.72,33.64,33.84,69477,241841828.0,5.86,-4.65,-1.65,3.76
875,2023-02-06,33.71,34.05,33.4,33.52,24903,85174794.0,1.92,-0.95,-0.32,1.35
876,2023-02-07,33.63,34.5,33.18,34.23,30060,103391165.0,3.94,2.12,0.71,1.63
877,2023-02-08,34.2,36.66,34.07,35.97,65802,236859605.0,7.57,5.08,1.74,3.56
878,2023-02-09,35.97,36.2,35.65,36.05,32194,117472181.0,1.53,0.22,0.08,1.74
879,2023-02-10,36.05,36.17,35.1,35.99,44091,159127981.0,2.97,-0.17,-0.06,2.39
880,2023-02-13,35.67,37.74,35.63,37.5,68656,260299852.0,5.86,4.2,1.51,3.72
881,2023-02-14,37.53,38.0,37.05,37.83,39970,152770967.0,2.53,0.88,0.33,2.16
882,2023-02-15,37.61,37.9,36.11,36.99,71120,265619607.0,4.73,-2.22,-0.84,3.85
883,2023-02-16,36.98,37.55,36.15,36.4,44860,167978296.0,3.78,-1.6,-0.59,2.43
884,2023-02-17,36.52,37.05,36.2,36.55,36226,134459861.0,2.34,0.41,0.15,1.96
885,2023-02-20,36.44,36.44,35.43,36.07,40643,148041650.0,2.76,-1.31,-0.48,2.2
886,2023-02-21,36.33,37.54,36.23,37.47,45250,170905606.0,3.63,3.88,1.4,2.45
887,2023-02-22,37.65,37.95,36.34,37.21,53903,202393499.0,4.3,-0.69,-0.26,2.92
888,2023-02-23,37.19,37.63,36.56,37.04,23678,89079313.0,2.88,-0.46,-0.17,1.28
889,2023-02-24,37.13,37.42,36.66,37.14,30655,115419459.0,2.05,0.27,0.1,1.66
890,2023-02-27,37.14,39.5,36.89,39.41,99420,387566127.0,7.03,6.11,2.27,5.38
891,2023-02-28,39.15,39.95,38.98,39.75,54452,218572176.0,2.46,0.86,0.34,2.95
892,2023-03-01,39.78,41.18,39.75,40.49,59128,242615921.0,3.6,1.86,0.74,3.2
893,2023-03-02,40.49,40.79,39.66,39.93,24226,98348253.0,2.79,-1.38,-0.56,1.31
894,2023-03-03,39.72,39.83,38.83,39.42,28017,111621424.0,2.5,-1.28,-0.51,1.52
895,2023-03-06,39.5,40.15,38.62,39.85,47580,190371416.0,3.88,1.09,0.43,2.58
896,2023-03-07,40.21,41.86,39.45,41.03,53799,222735069.0,6.05,2.96,1.18,2.91
897,2023-03-08,40.97,42.15,40.45,41.68,33375,140112498.0,4.14,1.58,0.65,1.81
898,2023-03-09,41.98,41.98,41.24,41.82,21972,92649758.0,1.78,0.34,0.14,1.19
899,2023-03-10,41.84,42.88,40.55,40.85,27611,116313837.0,5.57,-2.32,-0.97,1.5
900,2023-03-13,40.1,41.0,39.15,39.16,46154,185955606.0,4.53,-4.14,-1.69,2.5
901,2023-03-14,39.25,39.99,38.16,38.92,54652,216544836.0,4.67,-0.61,-0.24,2.96
902,2023-03-15,39.04,39.34,37.9,38.27,31998,124969929.0,3.7,-1.67,-0.65,1.73
903,2023-03-16,37.83,38.55,37.23,37.33,28979,111156114.0,3.45,-2.46,-0.94,1.57
904,2023-03-17,37.73,38.13,36.84,36.93,28566,107974717.0,3.46,-1.07,-0.4,1.55
905,2023-03-20,36.85,37.88,36.45,37.14,24366,91819990.0,3.87,0.57,0.21,1.32
906,2023-03-21,37.11,37.14,36.5,36.81,25055,93492592.0,1.72,-0.89,-0.33,1.36
907,2023-03-22,36.81,38.13,36.81,37.28,31466,120068668.0,3.59,1.28,0.47,1.7
908,2023-03-23,37.06,37.92,36.55,36.89,31541,118494399.0,3.67,-1.05,-0.39,1.71
909,2023-03-24,37.05,37.35,36.21,36.3,31921,118633016.0,3.09,-1.6,-0.59,1.73
910,2023-03-27,36.48,36.48,34.34,34.53,70659,249758008.0,5.9,-4.88,-1.77,3.83
911,2023-03-28,35.07,35.25,34.15,34.41,35834,125637179.0,3.19,-0.35,-0.12,1.94
912,2023-03-29,34.45,34.7,34.03,34.4,19937,69585298.0,1.95,-0.03,-0.01,1.08
913,2023-03-30,34.39,34.84,34.05,34.43,29088,101743826.0,2.3,0.09,0.03,1.58
914,2023-03-31,34.42,35.65,34.32,35.15,35944,128233677.0,3.86,2.09,0.72,1.94
915,2023-04-03,35.15,35.43,34.65,34.93,21905,77628855.0,2.22,-0.63,-0.22,1.18
916,2023-04-04,34.66,34.91,33.65,34.01,36913,127612854.0,3.61,-2.63,-0.92,1.99
917,2023-04-06,34.01,34.54,33.55,33.73,30205,104224745.0,2.91,-0.82,-0.28,1.63
918,2023-04-07,33.71,34.16,32.33,32.67,52666,176250554.0,5.43,-3.14,-1.06,2.84
919,2023-04-10,32.74,32.8,31.87,32.19,41248,135083263.0,2.85,-1.47,-0.48,2.22
920,2023-04-11,32.25,32.9,31.93,32.85,31017,102679567.0,3.01,2.05,0.66,1.67
921,2023-04-12,32.86,33.38,32.03,32.15,35214,116597099.0,4.11,-2.13,-0.7,1.9
922,2023-04-13,32.15,32.15,31.24,31.49,34622,110866680.0,2.83,-2.05,-0.66,1.87
923,2023-04-14,31.72,31.83,31.3,31.54,21608,69338981.0,1.68,0.16,0.05,1.16
924,2023-04-17,31.51,32.15,31.46,31.79,23351,75398426.0,2.19,0.79,0.25,1.26
925,2023-04-18,31.86,33.01,31.8,32.61,49714,164604285.0,3.81,2.58,0.82,2.68
926,2023-04-19,32.46,33.07,32.16,32.68,28073,93320160.0,2.79,0.21,0.07,1.51
927,2023-04-20,32.71,32.72,31.01,31.38,53609,171559128.0,5.23,-3.98,-1.3,2.89
928,2023-04-21,31.43,31.6,30.57,30.77,33037,104072160.0,3.28,-1.94,-0.61,1.78
929,2023-04-24,30.77,32.05,30.47,31.65,28280,90634620.0,5.13,2.86,0.88,1.52
930,2023-04-25,31.7,31.8,29.76,30.28,37063,115178820.0,6.45,-4.33,-1.37,2.0
931,2023-04-26,30.45,30.85,30.05,30.34,25593,79523126.0,2.64,0.2,0.06,1.38
932,2023-04-27,30.48,31.85,30.36,31.03,34375,109233670.0,4.91,2.27,0.69,1.85
933,2023-04-28,31.11,31.59,31.03,31.35,18777,59733761.0,1.8,1.03,0.32,1.01
934,2023-05-04,31.46,32.32,31.08,31.1,26550,85600892.0,3.96,-0.8,-0.25,1.43
935,2023-05-05,31.13,31.34,30.75,30.92,15477,48830729.0,1.9,-0.58,-0.18,0.83
936,2023-05-08,30.93,31.89,30.69,31.09,27463,87366773.0,3.88,0.55,0.17,1.48
937,2023-05-09,31.23,31.58,30.53,30.68,24751,78155360.0,3.38,-1.32,-0.41,1.33
938,2023-05-10,30.46,31.22,30.41,31.05,15285,47932835.0,2.64,1.21,0.37,0.82
939,2023-05-11,30.95,33.8,30.89,33.1,59459,196658640.0,9.37,6.6,2.05,3.21
940,2023-05-12,33.1,33.4,32.41,32.63,28700,95842950.0,2.99,-1.42,-0.47,1.55
941,2023-05-15,32.63,33.91,32.6,33.85,34887,118666490.0,4.01,3.74,1.22,1.88
942,2023-05-16,33.84,34.51,33.4,34.44,46896,162539966.0,3.28,1.74,0.59,2.53
943,2023-05-17,34.64,34.64,33.57,34.02,30121,103833847.0,3.11,-1.22,-0.42,1.62
944,2023-05-18,34.35,34.35,33.71,34.0,21381,73819926.0,1.88,-0.06,-0.02,1.15
945,2023-05-19,34.04,34.4,33.76,34.14,12809,44495239.0,1.88,0.41,0.14,0.69
946,2023-05-22,34.45,35.63,34.05,35.04,36300,129156247.0,4.63,2.64,0.9,1.96
947,2023-05-23,35.06,35.53,34.65,35.12,20393,72684339.0,2.51,0.23,0.08,1.1
948,2023-05-24,35.23,35.23,34.45,34.87,20369,71968518.0,2.22,-0.71,-0.25,1.1
949,2023-05-25,34.91,35.62,34.45,35.07,26603,94623273.0,3.36,0.57,0.2,1.43
950,2023-05-26,35.11,35.29,34.59,34.94,19687,69727421.0,2.0,-0.37,-0.13,1.06
951,2023-05-29,35.05,35.12,33.94,34.01,29512,102994996.0,3.38,-2.66,-0.93,1.59
952,2023-05-30,34.23,34.35,33.32,33.47,32178,110507661.0,3.03,-1.59,-0.54,1.73
953,2023-05-31,33.45,33.84,32.75,33.61,33673,114045205.0,3.26,0.42,0.14,1.81
954,2023-06-01,33.91,35.45,33.55,34.9,47496,168440528.0,5.65,3.84,1.29,2.56
955,2023-06-02,34.84,36.2,34.84,35.95,42382,153100801.0,3.9,3.01,1.05,2.28
956,2023-06-05,36.08,37.2,35.96,36.9,42560,159125554.0,3.45,2.64,0.95,2.29
957,2023-06-06,36.88,37.24,36.18,36.3,39899,148444372.0,2.87,-1.63,-0.6,2.15
958,2023-06-07,36.44,36.65,35.54,35.71,27333,99393638.0,3.06,-1.63,-0.59,1.47
959,2023-06-08,35.99,37.32,35.79,35.83,28609,105646766.0,4.28,0.34,0.12,1.54
960,2023-06-09,36.03,36.11,35.31,35.67,21970,79324023.0,2.23,-0.45,-0.16,1.18
961,2023-06-12,35.92,36.38,35.36,36.11,21804,79758198.0,2.86,1.23,0.44,1.17
962,2023-06-13,36.16,36.2,35.72,35.95,17572,64145038.0,1.33,-0.44,-0.16,0.95
963,2023-06-14,36.15,36.97,36.15,36.46,21525,79858294.0,2.28,1.42,0.51,1.16
964,2023-06-15,36.45,36.52,35.56,36.38,20505,75347550.0,2.63,-0.22,-0.08,1.1
965,2023-06-16,36.51,38.0,36.38,37.54,37816,142907152.0,4.45,3.19,1.16,2.04
966,2023-06-19,37.95,40.75,37.95,39.99,92014,370843560.0,7.46,6.53,2.45,4.96
967,2023-06-20,40.43,40.9,39.67,40.39,40892,166779378.0,3.08,1.0,0.4,2.2
968,2023-06-21,40.08,41.0,39.28,39.5,41543,166944489.0,4.26,-2.2,-0.89,2.24
969,2023-06-26,39.22,42.56,39.0,40.88,71255,293304638.0,9.01,3.49,1.38,3.84
970,2023-06-27,41.0,41.78,40.53,41.5,41214,169757405.0,3.06,1.52,0.62,2.22
971,2023-06-28,41.27,41.56,39.5,40.39,37930,152717298.0,4.96,-2.67,-1.11,2.04
972,2023-06-29,40.39,40.85,39.9,40.26,28110,113266673.0,2.35,-0.32,-0.13,1.51
973,2023-06-30,40.99,41.08,40.18,40.5,35231,143313579.0,2.24,0.6,0.24,1.9
974,2023-07-03,40.33,40.8,36.45,36.65,120884,450330714.0,10.74,-9.51,-3.85,6.51
975,2023-07-04,37.3,37.67,35.85,36.55,65788,239626739.0,4.97,-0.27,-0.1,3.54
976,2023-07-05,36.61,37.49,35.9,36.56,39666,146268916.0,4.35,0.03,0.01,2.14
977,2023-07-06,36.7,37.68,36.35,37.06,30038,111267010.0,3.64,1.37,0.5,1.62
978,2023-07-07,37.1,37.23,36.19,36.33,29889,109211061.0,2.81,-1.97,-0.73,1.61
979,2023-07-10,36.5,37.66,36.4,36.89,27097,100521916.0,3.47,1.54,0.56,1.46
980,2023-07-11,37.27,39.45,37.09,39.28,64544,247988481.0,6.4,6.48,2.39,3.48
981,2023-07-12,39.11,39.28,38.02,38.12,37031,142494827.0,3.21,-2.95,-1.16,2.0
982,2023-07-13,38.4,38.7,37.57,37.82,25308,96099284.0,2.96,-0.79,-0.3,1.36
983,2023-07-14,38.1,38.21,37.4,37.71,22278,84218762.0,2.14,-0.29,-0.11,1.2
984,2023-07-17,37.86,38.38,37.41,37.71,11929,45037445.0,2.57,0.0,0.0,0.64
985,2023-07-18,37.8,39.01,37.5,37.88,34008,129866085.0,4.0,0.45,0.17,1.83
986,2023-07-19,37.84,37.96,36.7,36.89,18679,69301679.0,3.33,-2.61,-0.99,1.01
987,2023-07-20,37.03,37.34,36.28,36.37,19114,70225068.0,2.87,-1.41,-0.52,1.03
988,2023-07-21,36.4,37.19,36.05,36.9,20733,75921653.0,3.13,1.46,0.53,1.12
989,2023-07-24,37.0,37.0,36.05,36.43,15734,57249334.0,2.57,-1.27,-0.47,0.85
990,2023-07-25,36.69,36.89,36.31,36.51,11213,40951048.0,1.59,0.22,0.08,0.6
991,2023-07-26,36.55,36.99,36.29,36.53,14901,54484567.0,1.92,0.05,0.02,0.8
992,2023-07-27,36.8,37.45,36.36,37.4,29828,110153674.0,2.98,2.38,0.87,1.61
993,2023-07-28,37.29,37.59,35.01,35.88,37316,135148360.0,6.9,-4.06,-1.52,2.01
994,2023-07-31,35.7,35.77,34.16,35.24,30743,107557717.0,4.49,-1.78,-0.64,1.66
995,2023-08-01,35.25,35.65,34.78,35.6,12662,44624728.0,2.47,1.02,0.36,0.68
996,2023-08-02,35.74,36.65,35.65,36.1,17768,64362464.0,2.81,1.4,0.5,0.96
997,2023-08-03,36.24,36.24,35.5,35.86,11447,40989172.0,2.05,-0.66,-0.24,0.62
998,2023-08-04,36.0,36.54,35.9,36.43,13614,49344339.0,1.78,1.59,0.57,0.73
999,2023-08-07,36.45,36.69,35.91,36.28,12140,43818976.0,2.14,-0.41,-0.15,0.65
1000,2023-08-08,36.2,38.28,36.01,37.66,30773,114885125.0,6.26,3.8,1.38,1.66
1001,2023-08-09,37.75,37.8,35.86,36.15,28479,103820715.0,5.15,-4.01,-1.51,1.53
1002,2023-08-10,36.36,36.36,35.3,35.7,14446,51531284.0,2.93,-1.24,-0.45,0.78
1003,2023-08-11,35.8,36.81,35.34,36.19,19721,71219737.0,4.12,1.37,0.49,1.06
1004,2023-08-14,36.24,36.24,34.45,35.23,15790,55368395.0,4.95,-2.65,-0.96,0.85
1005,2023-08-15,34.91,35.48,34.67,34.89,6285,21967767.0,2.3,-0.97,-0.34,0.34
1006,2023-08-16,34.78,34.93,33.93,34.07,10352,35507468.0,2.87,-2.35,-0.82,0.56
1007,2023-08-17,34.15,35.4,33.5,35.26,25401,87875754.0,5.58,3.49,1.19,1.37
1008,2023-08-18,35.13,35.28,33.54,34.1,27280,93432236.0,4.93,-3.29,-1.16,1.47
1009,2023-08-21,33.98,34.26,33.53,33.58,8270,27961206.0,2.14,-1.52,-0.52,0.45
1010,2023-08-22,33.88,34.0,32.44,33.67,19858,65571508.0,4.65,0.27,0.09,1.07
1011,2023-08-23,33.67,34.0,33.0,33.0,14367,48025452.0,2.97,-1.99,-0.67,0.77
